movie_id,company_id
0,2320
1,732
2,1541
3,1778
4,2282
5,632
6,2273
7,1813
8,1813
9,1075
10,1936
11,1638
12,1305
13,75
14,1820
15,501
16,2282
17,1813
18,1307
19,2254
20,2282
21,2320
22,1870
23,2282
24,2203
25,900
26,2282
27,1012
28,1375
29,2282
30,900
31,2320
32,1683
33,1481
34,128
35,2254
36,456
37,2219
38,1261
39,487
40,1813
41,2188
42,1874
43,75
44,1959
45,265
46,1075
47,674
48,1419
49,359
50,732
51,1177
52,1597
53,1870
54,1239
55,2282
56,1156
57,557
58,966
59,1583
60,352
61,1305
62,957
63,732
64,1533
65,495
66,941
67,1813
68,1350
69,1813
70,533
71,1870
72,2254
73,1918
74,2188
75,677
76,247
77,1129
78,2282
79,2376
80,632
81,2188
82,2282
83,732
84,1519
85,1426
86,1778
87,1778
88,2282
89,1629
90,1345
91,827
92,1516
93,1635
94,357
95,2254
96,910
97,1778
98,100
99,2282
100,732
101,2282
102,530
103,1638
104,1768
105,1871
106,1305
107,900
108,2282
109,2188
110,2282
111,2282
112,2282
113,184
114,732
115,1638
116,1813
117,1813
118,941
119,1328
120,1351
121,732
122,284
123,940
124,632
125,1489
126,2278
127,551
128,1175
129,686
130,1813
131,1583
132,862
133,1797
134,1638
135,2282
136,1638
137,1583
138,1075
139,1638
140,171
141,732
142,2286
143,900
144,1170
145,1177
146,2181
147,621
148,2318
149,732
150,57
151,1638
152,2191
153,2020
154,1972
155,2273
156,1813
157,922
158,2254
159,1375
160,2320
161,1638
162,1328
163,741
164,1870
165,530
166,732
167,1871
168,1813
169,1638
170,1239
171,128
172,1261
173,1813
174,1117
175,1638
176,90
177,2282
178,2376
179,1541
180,1704
181,677
182,732
183,1813
184,732
185,1813
186,2273
187,2188
188,732
189,862
190,2273
191,271
192,2376
193,1066
194,1813
195,2169
196,1638
197,2320
198,1638
199,732
200,57
201,1543
202,1813
203,1928
204,265
205,207
206,905
207,10
208,2216
209,1371
210,1813
211,412
212,2282
213,2254
214,2317
215,93
216,3
217,674
218,565
219,1375
220,1170
221,2320
222,2273
223,1922
224,1935
225,2254
226,732
227,2214
228,833
229,2282
230,2282
231,882
232,1635
233,284
234,1647
235,792
236,2349
237,2273
238,1813
239,674
240,862
241,732
242,732
243,2188
244,2188
245,1813
246,732
247,1714
248,1813
249,2273
250,751
251,2254
252,2320
253,2254
254,2282
255,2116
256,2303
257,2233
258,2243
259,1727
260,656
261,248
262,862
263,862
264,2243
265,1813
266,1638
267,2376
268,732
269,2061
270,2378
271,1721
272,224
273,1638
274,900
275,1064
276,729
277,2320
278,1260
279,1813
280,52
281,2303
282,1377
283,530
284,916
285,2254
286,57
287,1778
288,2320
289,1813
290,2243
291,359
292,1170
293,1813
294,1925
295,2282
296,2262
297,732
298,1259
299,2320
300,744
301,2282
302,359
303,1112
304,185
305,1778
306,677
307,308
308,2172
309,2254
310,916
311,2188
312,2243
313,1635
314,2273
315,2088
316,191
317,1389
318,152
319,2320
320,2282
321,1813
322,2254
323,978
324,1485
325,674
326,732
327,940
328,2191
329,835
330,2002
331,1813
332,167
333,732
334,2273
335,1210
336,2254
337,1175
338,732
339,1813
340,1978
341,1419
342,2181
343,966
344,2282
345,732
346,1714
347,1170
348,2320
349,1655
350,2278
351,1704
352,2320
353,1721
354,1156
355,946
356,2282
357,835
358,1180
359,1721
360,2320
361,732
362,2254
363,1227
364,1178
365,2282
366,941
367,167
368,862
369,57
370,689
371,2238
372,941
373,732
374,1227
375,2314
376,1844
377,2282
378,2177
379,2177
380,653
381,918
382,1259
383,1375
384,2155
385,1721
386,1601
387,1175
388,2181
389,1506
390,674
391,1778
392,732
393,1134
394,1622
395,732
396,1813
397,1887
398,352
399,2177
400,1353
401,785
402,2273
403,732
404,1175
405,1638
406,627
407,1638
408,528
409,415
410,2345
411,862
412,1069
413,1813
414,2254
415,732
416,1975
417,2214
418,2254
419,1813
420,1259
421,825
422,825
423,2282
424,2002
425,2181
426,2202
427,732
428,1259
429,1896
430,1813
431,1813
432,2243
433,751
434,1712
435,2233
436,674
437,1383
438,2317
439,2320
440,2243
441,1449
442,1813
443,167
444,1778
445,2243
446,1714
447,565
448,2243
449,946
450,1584
451,2243
452,2156
453,1227
454,2169
455,2282
456,1778
457,1254
458,946
459,1259
460,1954
461,1813
462,732
463,2320
464,36
465,1638
466,338
467,1118
468,1170
469,569
470,742
471,2233
472,1813
473,595
474,2320
475,732
476,2222
477,1638
478,825
479,1259
480,1478
481,1813
482,2320
483,837
484,833
485,567
486,1721
487,271
488,271
489,2233
490,677
491,2282
492,825
493,1175
494,2177
495,2282
496,1163
497,1239
498,416
499,761
500,656
501,1778
502,416
503,1638
504,677
505,1298
506,1121
507,94
508,2320
509,1700
510,1778
511,1199
512,2233
513,1813
514,495
515,2320
516,997
517,1813
518,1721
519,167
520,1778
521,2320
522,1288
523,2162
524,170
525,589
526,1638
527,2282
528,2254
529,2233
530,1714
531,2233
532,1638
533,1813
534,565
535,1959
536,2320
537,966
538,1940
539,2233
540,732
541,2162
542,129
543,1635
544,170
545,167
546,1721
547,1328
548,2282
549,734
550,1778
551,271
552,2273
553,1264
554,825
555,1170
556,2308
557,2243
558,732
559,732
560,2233
561,1375
562,170
563,79
564,572
565,1778
566,1062
567,2282
568,170
569,732
570,2182
571,590
572,669
573,1836
574,2243
575,825
576,1535
577,825
578,1813
579,627
580,1329
581,2233
582,946
583,627
584,1778
585,2243
586,1170
587,1163
588,2220
589,1638
590,1535
591,732
592,732
593,749
594,2295
595,2243
596,2320
597,1778
598,2233
599,1199
600,1199
601,688
602,1419
603,1426
604,2177
605,2320
606,1547
607,1375
608,1706
609,1425
610,1720
611,825
612,2282
613,2181
614,175
615,2273
616,129
617,1638
618,1813
619,1721
620,1813
621,2233
622,1730
623,1778
624,2273
625,2282
626,1813
627,2282
628,2233
629,2224
630,1671
631,2254
632,568
633,2282
634,1778
635,1541
636,590
637,1813
638,825
639,1714
640,1671
641,2193
642,1147
643,2202
644,2243
645,131
646,590
647,1714
648,2320
649,1898
650,1569
651,2320
652,1813
653,1122
654,1778
655,1813
656,2320
657,1778
658,2331
659,564
660,1778
661,1476
662,675
663,1936
664,1794
665,760
666,2308
667,2182
668,732
669,2243
670,2282
671,1813
672,1778
673,2111
674,1541
675,1533
676,2273
677,2233
678,1717
679,2282
680,1813
681,2243
682,1170
683,1638
684,688
685,1889
686,975
687,2331
688,676
689,2191
690,1653
691,2320
692,2295
693,1881
694,732
695,1813
696,1778
697,1735
698,1375
699,609
700,271
701,2243
702,732
703,2320
704,2077
705,590
706,1259
707,482
708,2282
709,2233
710,1813
711,2074
712,2320
713,825
714,1187
715,2233
716,2317
717,2254
718,2282
719,36
720,2317
721,2233
722,1163
723,732
724,1782
725,600
726,1655
727,1813
728,732
729,1366
730,2243
731,1318
732,2320
733,1318
734,1190
735,807
736,1813
737,1721
738,240
739,1778
740,1024
741,2254
742,671
743,2243
744,1813
745,928
746,1175
747,2282
748,1056
749,1419
750,1813
751,2331
752,2209
753,292
754,1714
755,1579
756,2282
757,368
758,1743
759,1958
760,1813
761,484
762,129
763,2233
764,2282
765,1375
766,1353
767,135
768,1328
769,1083
770,2243
771,2282
772,2233
773,1813
774,2243
775,1638
776,590
777,2320
778,1426
779,946
780,1259
781,1328
782,261
783,167
784,1751
785,732
786,2043
787,1531
788,1533
789,345
790,1671
791,231
792,5
793,1613
794,1434
795,2243
796,1745
797,662
798,1533
799,732
800,2320
801,600
802,1671
803,732
804,699
805,688
806,1587
807,471
808,1828
809,1533
810,789
811,2320
812,1813
813,590
814,2233
815,1288
816,1813
817,2217
818,2282
819,2254
820,600
821,2282
822,2320
823,45
824,2254
825,2233
826,732
827,1870
828,818
829,1778
830,590
831,2282
832,1959
833,1778
834,2282
835,2320
836,1278
837,875
838,1964
839,2320
840,2273
841,1671
842,1721
843,1147
844,1778
845,2282
846,2320
847,848
848,732
849,1671
850,1322
851,1813
852,2233
853,2282
854,1376
855,1813
856,1671
857,732
858,2282
859,2320
860,1312
861,2320
862,968
863,1729
864,2109
865,672
866,2282
867,957
868,2254
869,2320
870,590
871,641
872,1512
873,1512
874,1125
875,1940
876,2306
877,2282
878,968
879,2243
880,2320
881,2233
882,2332
883,360
884,554
885,1359
886,478
887,1655
888,1824
889,484
890,1586
891,2243
892,590
893,1778
894,1193
895,292
896,1375
897,862
898,1464
899,745
900,590
901,688
902,1813
903,1239
904,1268
905,1638
906,1259
907,2078
908,685
909,2233
910,378
911,6
912,2243
913,2233
914,814
915,346
916,1790
917,2254
918,1319
919,893
920,1435
921,1762
922,1793
923,687
924,590
925,1471
926,2134
927,167
928,732
929,167
930,1778
931,1824
932,193
933,405
934,2317
935,2282
936,2320
937,2317
938,732
939,1319
940,1705
941,2233
942,600
943,1279
944,2243
945,2254
946,732
947,1152
948,1813
949,1714
950,2243
951,2233
952,1940
953,1177
954,1813
955,2129
956,365
957,1638
958,2320
959,2282
960,1813
961,2243
962,2320
963,1714
964,1401
965,820
966,2129
967,2317
968,1525
969,2282
970,1152
971,1813
972,2282
973,2282
974,1279
975,590
976,1813
977,732
978,495
979,1813
980,2254
981,1886
982,1813
983,1163
984,1175
985,129
986,368
987,2317
988,2254
989,2254
990,579
991,1177
992,2320
993,1094
994,484
995,2320
996,1419
997,946
998,559
999,1778
1000,1375
1001,1306
1002,141
1003,127
1004,344
1005,230
1006,1778
1007,2254
1008,413
1009,494
1010,2282
1011,306
1012,1353
1013,590
1014,142
1015,732
1016,131
1017,1793
1018,1022
1019,1278
1020,2320
1021,2243
1022,590
1023,1343
1024,1361
1025,1373
1026,669
1027,976
1028,1705
1029,1824
1030,1813
1031,977
1032,1810
1033,1341
1034,1927
1035,546
1036,1813
1037,1719
1038,1526
1039,590
1040,2254
1041,1671
1042,179
1043,2320
1044,732
1045,732
1046,1416
1047,2282
1048,2320
1049,297
1050,2317
1051,2233
1052,2254
1053,2282
1054,1319
1055,1635
1056,2320
1057,1316
1058,732
1059,1714
1060,862
1061,145
1062,1714
1063,2282
1064,2143
1065,590
1066,1068
1067,2254
1068,1278
1069,2234
1070,1472
1071,1572
1072,2346
1073,1714
1074,1817
1075,292
1076,2254
1077,2320
1078,559
1079,1813
1080,330
1081,2320
1082,1318
1083,2254
1084,1361
1085,2320
1086,2233
1087,1032
1088,2234
1089,1638
1090,2320
1091,1530
1092,1458
1093,732
1094,390
1095,1790
1096,103
1097,732
1098,344
1099,1147
1100,2320
1101,1813
1102,119
1103,2243
1104,1747
1105,2320
1106,1471
1107,2282
1108,2320
1109,1671
1110,1278
1111,818
1112,1177
1113,2320
1114,478
1115,1671
1116,2320
1117,1638
1118,732
1119,1375
1120,2282
1121,179
1122,2317
1123,797
1124,1278
1125,1671
1126,177
1127,1658
1128,269
1129,119
1130,697
1131,655
1132,2007
1133,1778
1134,627
1135,1778
1136,1178
1137,590
1138,2375
1139,1835
1140,1834
1141,1833
1142,1361
1143,1813
1144,600
1145,1656
1146,482
1147,1278
1148,2282
1149,1191
1150,2282
1151,1671
1152,2212
1153,495
1154,1813
1155,2317
1156,2282
1157,2254
1158,2320
1159,119
1160,2320
1161,818
1162,2233
1163,732
1164,2243
1165,590
1166,660
1167,2233
1168,1258
1169,1037
1170,1813
1171,1813
1172,732
1173,732
1174,1714
1175,2317
1176,2320
1177,1778
1178,732
1179,2282
1180,2317
1181,2320
1182,1870
1183,1813
1184,2243
1185,1813
1186,1958
1187,1671
1188,1714
1189,1432
1190,1395
1191,2320
1192,600
1193,2233
1194,1076
1195,1278
1196,732
1197,346
1198,1655
1199,1714
1200,2282
1201,2254
1202,819
1203,535
1204,732
1205,2320
1206,1873
1207,2254
1208,2282
1209,1177
1210,877
1211,1311
1212,751
1213,660
1214,1926
1215,732
1216,1638
1217,1278
1218,2282
1219,1127
1220,1638
1221,1311
1222,344
1223,1471
1224,1890
1225,732
1226,2344
1227,2282
1228,1899
1229,2233
1230,2254
1231,2117
1232,2243
1233,154
1234,2128
1235,559
1236,1152
1237,1778
1238,283
1239,627
1240,1638
1241,1318
1242,1818
1243,119
1244,1782
1245,1870
1246,559
1247,1714
1248,2246
1249,928
1250,1474
1251,470
1252,608
1253,52
1254,2317
1255,189
1256,2233
1257,1714
1258,365
1259,1714
1260,1937
1261,1730
1262,797
1263,2101
1264,1056
1265,1177
1266,627
1267,1443
1268,1328
1269,1328
1270,600
1271,1658
1272,1813
1273,1147
1274,2254
1275,2317
1276,1714
1277,2192
1278,559
1279,2243
1280,2320
1281,780
1282,1870
1283,2282
1284,1671
1285,732
1286,576
1287,1572
1288,297
1289,2346
1290,2300
1291,876
1292,2320
1293,1328
1294,1870
1295,2233
1296,1813
1297,2320
1298,585
1299,1714
1300,2320
1301,1813
1302,1387
1303,1813
1304,483
1305,2282
1306,1714
1307,2254
1308,2282
1309,2254
1310,732
1311,1638
1312,600
1313,660
1314,2320
1315,2317
1316,2243
1317,737
1318,732
1319,2243
1320,2030
1321,2290
1322,1471
1323,2317
1324,2320
1325,627
1326,2030
1327,2254
1328,2282
1329,1778
1330,344
1331,1714
1332,2233
1333,923
1334,1319
1335,1671
1336,2282
1337,2320
1338,1714
1339,142
1340,874
1341,1076
1342,2254
1343,609
1344,1387
1345,2201
1346,1400
1347,1318
1348,2320
1349,2041
1350,980
1351,1658
1352,2282
1353,502
1354,1813
1355,1707
1356,1676
1357,1361
1358,581
1359,1813
1360,693
1361,1376
1362,189
1363,732
1364,365
1365,1813
1366,1014
1367,960
1368,625
1369,1813
1370,1840
1371,600
1372,1714
1373,2233
1374,1813
1375,383
1376,1705
1377,2282
1378,2243
1379,1076
1380,1546
1381,2025
1382,627
1383,1859
1384,1441
1385,1278
1386,585
1387,201
1388,874
1389,732
1390,306
1391,1076
1392,351
1393,1705
1394,2282
1395,2233
1396,344
1397,286
1398,1638
1399,1638
1400,1183
1401,1837
1402,119
1403,2320
1404,1813
1405,610
1406,1311
1407,2282
1408,1870
1409,2243
1410,2282
1411,1813
1412,2320
1413,1223
1414,2317
1415,1714
1416,1191
1417,2282
1418,1545
1419,590
1420,600
1421,1714
1422,732
1423,1714
1424,875
1425,2282
1426,966
1427,1638
1428,2320
1429,2243
1430,2273
1431,1479
1432,2282
1433,585
1434,1315
1435,2317
1436,2317
1437,1278
1438,732
1439,754
1440,1278
1441,1638
1442,486
1443,2282
1444,1253
1445,1813
1446,2320
1447,1514
1448,367
1449,1278
1450,1716
1451,585
1452,2320
1453,2282
1454,2320
1455,732
1456,1278
1457,1082
1458,1671
1459,732
1460,1235
1461,2021
1462,2320
1463,1873
1464,892
1465,2273
1466,585
1467,2254
1468,2145
1469,732
1470,1177
1471,2246
1472,2282
1473,732
1474,1370
1475,1147
1476,2317
1477,2282
1478,2209
1479,1465
1480,36
1481,732
1482,1870
1483,1658
1484,693
1485,141
1486,2158
1487,166
1488,1001
1489,2051
1490,1813
1491,14
1492,1658
1493,2254
1494,178
1495,2282
1496,1890
1497,869
1498,2248
1499,914
1500,1615
1501,600
1502,2282
1503,1254
1504,2254
1505,290
1506,1813
1507,1231
1508,2233
1509,292
1510,177
1511,497
1512,1019
1513,660
1514,2254
1515,867
1516,275
1517,1822
1518,1878
1519,1638
1520,1278
1521,1018
1522,660
1523,69
1524,1076
1525,2243
1526,306
1527,2233
1528,1997
1529,36
1530,573
1531,600
1532,1482
1533,2030
1534,1191
1535,2323
1536,2254
1537,363
1538,859
1539,263
1540,1813
1541,2243
1542,627
1543,2320
1544,2282
1545,2317
1546,141
1547,2243
1548,1278
1549,1716
1550,732
1551,1813
1552,2218
1553,1658
1554,1714
1555,1318
1556,732
1557,1027
1558,1658
1559,2273
1560,708
1561,1714
1562,1997
1563,2316
1564,2282
1565,1439
1566,858
1567,883
1568,1813
1569,1658
1570,732
1571,1813
1572,1204
1573,1318
1574,600
1575,754
1576,1110
1577,1813
1578,1714
1579,2317
1580,2282
1581,2320
1582,1278
1583,1278
1584,2254
1585,1658
1586,27
1587,1693
1588,2254
1589,337
1590,600
1591,627
1592,2282
1593,1714
1594,2233
1595,732
1596,1716
1597,71
1598,2243
1599,1813
1600,1997
1601,101
1602,2186
1603,1353
1604,2254
1605,1471
1606,9
1607,1183
1608,287
1609,732
1610,1110
1611,732
1612,2233
1613,1813
1614,2282
1615,1278
1616,1278
1617,2035
1618,732
1619,1658
1620,935
1621,2317
1622,2282
1623,1940
1624,306
1625,2282
1626,802
1627,2243
1628,1873
1629,2320
1630,2233
1631,732
1632,1658
1633,2317
1634,600
1635,1685
1636,694
1637,1676
1638,600
1639,1177
1640,141
1641,585
1642,600
1643,1376
1644,2254
1645,697
1646,1997
1647,1658
1648,1840
1649,1714
1650,600
1651,277
1652,1841
1653,1318
1654,1789
1655,672
1656,1862
1657,218
1658,1114
1659,1318
1660,1760
1661,1813
1662,2243
1663,3
1664,1278
1665,860
1666,1635
1667,660
1668,1638
1669,862
1670,2233
1671,582
1672,1873
1673,1714
1674,2254
1675,732
1676,579
1677,1219
1678,1658
1679,2243
1680,2233
1681,1658
1682,1716
1683,2320
1684,732
1685,2254
1686,732
1687,2320
1688,1171
1689,2317
1690,2282
1691,2282
1692,797
1693,859
1694,1840
1695,2243
1696,732
1697,754
1698,1588
1699,461
1700,787
1701,2282
1702,1588
1703,2317
1704,2254
1705,732
1706,2320
1707,1813
1708,240
1709,2243
1710,679
1711,966
1712,434
1713,1813
1714,660
1715,1947
1716,2233
1717,1588
1718,1658
1719,1813
1720,2230
1721,1846
1722,2320
1723,862
1724,585
1725,2282
1726,1813
1727,732
1728,890
1729,2217
1730,859
1731,2282
1732,1714
1733,732
1734,1913
1735,1873
1736,890
1737,2254
1738,1175
1739,890
1740,1110
1741,561
1742,27
1743,1446
1744,1114
1745,1414
1746,478
1747,1873
1748,344
1749,600
1750,2317
1751,1714
1752,1813
1753,2282
1754,1714
1755,141
1756,585
1757,1790
1758,1671
1759,1756
1760,793
1761,2246
1762,824
1763,804
1764,928
1765,2317
1766,2320
1767,2233
1768,1638
1769,101
1770,2273
1771,2320
1772,2158
1773,627
1774,346
1775,859
1776,1382
1777,1658
1778,831
1779,517
1780,2317
1781,712
1782,1278
1783,817
1784,1997
1785,1714
1786,2015
1787,2317
1788,1747
1789,2197
1790,1114
1791,347
1792,1658
1793,106
1794,1981
1795,2282
1796,1462
1797,2254
1798,585
1799,1778
1800,132
1801,732
1802,1462
1803,2248
1804,1658
1805,2243
1806,139
1807,1394
1808,287
1809,751
1810,1470
1811,890
1812,1714
1813,2148
1814,1813
1815,2233
1816,1658
1817,682
1818,1588
1819,169
1820,1408
1821,2282
1822,1714
1823,1020
1824,1813
1825,2254
1826,1857
1827,2282
1828,2316
1829,1110
1830,1714
1831,173
1832,2243
1833,2320
1834,1689
1835,2254
1836,618
1837,2282
1838,1813
1839,888
1840,2243
1841,1981
1842,1103
1843,1813
1844,2273
1845,2233
1846,1732
1847,1846
1848,2253
1849,1000
1850,1714
1851,1249
1852,2233
1853,1183
1854,2282
1855,2320
1856,2320
1857,585
1858,547
1859,2320
1860,1870
1861,1716
1862,873
1863,2254
1864,1348
1865,700
1866,2282
1867,859
1868,2282
1869,2360
1870,1981
1871,2233
1872,890
1873,478
1874,1471
1875,627
1876,1726
1877,559
1878,240
1879,732
1880,2254
1881,851
1882,2320
1883,486
1884,1969
1885,2254
1886,2377
1887,732
1888,2254
1889,1638
1890,1846
1891,2254
1892,1638
1893,2158
1894,1341
1895,1378
1896,600
1897,2243
1898,2282
1899,1521
1900,1970
1901,1922
1902,2254
1903,1588
1904,1419
1905,299
1906,2320
1907,1631
1908,479
1909,628
1910,1886
1911,1278
1912,2373
1913,2320
1914,2254
1915,2253
1916,31
1917,2233
1918,1714
1919,1813
1920,2282
1921,2254
1922,282
1923,1868
1924,782
1925,1658
1926,1873
1927,1588
1928,1873
1929,1658
1930,1245
1931,1483
1932,1873
1933,798
1934,948
1935,1813
1936,1027
1937,1007
1938,600
1939,1367
1940,647
1941,732
1942,1348
1943,585
1944,1873
1945,600
1946,344
1947,1110
1948,1658
1949,2320
1950,2282
1951,2282
1952,600
1953,890
1954,1541
1955,2233
1956,1278
1957,1714
1958,2254
1959,890
1960,1873
1961,732
1962,1255
1963,179
1964,1159
1965,732
1966,732
1967,2320
1968,1116
1969,1567
1970,1658
1971,1813
1972,1110
1973,1857
1974,2300
1975,266
1976,2320
1977,807
1978,1841
1979,1374
1980,246
1981,1813
1982,2233
1983,1243
1984,1318
1985,365
1986,1714
1987,732
1988,809
1989,636
1990,1110
1991,779
1992,732
1993,2320
1994,1658
1995,2233
1996,1051
1997,2282
1998,890
1999,859
2000,2282
2001,824
2002,2320
2003,732
2004,1311
2005,2035
2006,268
2007,732
2008,2282
2009,1714
2010,1813
2011,732
2012,1825
2013,904
2014,2254
2015,251
2016,246
2017,9
2018,1813
2019,732
2020,2317
2021,2039
2022,301
2023,928
2024,2254
2025,246
2026,1638
2027,1114
2028,1593
2029,2301
2030,1110
2031,1331
2032,486
2033,36
2034,560
2035,2320
2036,709
2037,890
2038,1714
2039,815
2040,2243
2041,1110
2042,339
2043,784
2044,2317
2045,2282
2046,871
2047,1318
2048,732
2049,600
2050,2273
2051,1714
2052,1391
2053,168
2054,2245
2055,358
2056,28
2057,1391
2058,1179
2059,2118
2060,2282
2061,732
2062,1658
2063,346
2064,1716
2065,2223
2066,600
2067,35
2068,2158
2069,845
2070,1638
2071,251
2072,1625
2073,939
2074,2320
2075,2233
2076,1714
2077,2282
2078,771
2079,1714
2080,859
2081,403
2082,732
2083,871
2084,1861
2085,732
2086,770
2087,251
2088,1090
2089,2348
2090,344
2091,2288
2092,1183
2093,139
2094,1723
2095,2050
2096,638
2097,2024
2098,1671
2099,986
2100,1602
2101,559
2102,37
2103,732
2104,161
2105,890
2106,732
2107,246
2108,1723
2109,2254
2110,859
2111,2320
2112,2233
2113,2254
2114,713
2115,732
2116,2282
2117,2233
2118,732
2119,890
2120,1033
2121,365
2122,1386
2123,1813
2124,1846
2125,77
2126,1714
2127,1714
2128,743
2129,1940
2130,890
2131,2316
2132,259
2133,2233
2134,2254
2135,2282
2136,732
2137,600
2138,2320
2139,859
2140,600
2141,1116
2142,1658
2143,2143
2144,2254
2145,2282
2146,2254
2147,888
2148,2282
2149,2373
2150,1813
2151,1462
2152,2282
2153,2233
2154,377
2155,1714
2156,1965
2157,293
2158,1714
2159,2254
2160,1714
2161,732
2162,36
2163,2233
2164,1114
2165,2320
2166,732
2167,2282
2168,859
2169,781
2170,2320
2171,1714
2172,1687
2173,1813
2174,732
2175,2254
2176,817
2177,1561
2178,1510
2179,2282
2180,2320
2181,2254
2182,723
2183,287
2184,2118
2185,732
2186,1669
2187,246
2188,1714
2189,1246
2190,640
2191,732
2192,732
2193,1237
2194,463
2195,1770
2196,579
2197,244
2198,2282
2199,1554
2200,1714
2201,1232
2202,1638
2203,1908
2204,246
2205,1638
2206,462
2207,1671
2208,929
2209,717
2210,1715
2211,600
2212,1880
2213,1029
2214,820
2215,246
2216,1658
2217,1846
2218,1114
2219,377
2220,486
2221,692
2222,1005
2223,349
2224,1671
2225,1206
2226,1697
2227,118
2228,1029
2229,1278
2230,2143
2231,196
2232,1813
2233,559
2234,1071
2235,242
2236,1613
2237,70
2238,890
2239,1940
2240,1191
2241,2215
2242,1110
2243,864
2244,475
2245,1631
2246,475
2247,1825
2248,1635
2249,1042
2250,1462
2251,1278
2252,622
2253,2320
2254,2282
2255,1714
2256,1638
2257,1495
2258,1857
2259,2225
2260,1799
2261,732
2262,859
2263,2320
2264,888
2265,1967
2266,2282
2267,2282
2268,2233
2269,2233
2270,706
2271,2320
2272,2320
2273,1114
2274,732
2275,214
2276,1638
2277,2317
2278,2254
2279,1813
2280,2320
2281,2254
2282,782
2283,732
2284,2316
2285,1813
2286,984
2287,2254
2288,1813
2289,2282
2290,1813
2291,2264
2292,1277
2293,2273
2294,1813
2295,732
2296,1638
2297,1480
2298,2254
2299,2143
2300,1658
2301,1714
2302,890
2303,71
2304,2282
2305,1813
2306,817
2307,1813
2308,1714
2309,765
2310,1813
2311,732
2312,1967
2313,1387
2314,1716
2315,1116
2316,1813
2317,1714
2318,859
2319,890
2320,2254
2321,1671
2322,1658
2323,1640
2324,1671
2325,2039
2326,2320
2327,2320
2328,732
2329,732
2330,732
2331,818
2332,2264
2333,2233
2334,1423
2335,732
2336,1303
2337,1716
2338,803
2339,2320
2340,1438
2341,1716
2342,732
2343,2347
2344,1967
2345,1638
2346,2254
2347,1183
2348,1813
2349,1114
2350,928
2351,2123
2352,1813
2353,1116
2354,1658
2355,2320
2356,600
2357,2320
2358,1967
2359,704
2360,600
2361,2254
2362,1128
2363,1110
2364,1595
2365,2260
2366,732
2367,1714
2368,478
2369,315
2370,2233
2371,851
2372,1053
2373,619
2374,644
2375,1053
2376,1076
2377,246
2378,1760
2379,2254
2380,2317
2381,985
2382,1538
2383,2254
2384,1658
2385,1114
2386,1638
2387,1147
2388,1714
2389,1301
2390,1558
2391,159
2392,1521
2393,1714
2394,1211
2395,1638
2396,2282
2397,2254
2398,848
2399,2320
2400,2039
2401,859
2402,1714
2403,118
2404,425
2405,864
2406,33
2407,1423
2408,246
2409,913
2410,890
2411,732
2412,1813
2413,1318
2414,1919
2415,2320
2416,1714
2417,890
2418,751
2419,890
2420,800
2421,1757
2422,6
2423,890
2424,2233
2425,2282
2426,1541
2427,2092
2428,2320
2429,2233
2430,2254
2431,1714
2432,2282
2433,1658
2434,1658
2435,2233
2436,2233
2437,389
2438,1110
2439,2254
2440,732
2441,118
2442,732
2443,2317
2444,1658
2445,2320
2446,2316
2447,1172
2448,1311
2449,732
2450,1967
2451,859
2452,2282
2453,1714
2454,966
2455,2320
2456,1430
2457,985
2458,2282
2459,2320
2460,1688
2461,888
2462,1714
2463,1241
2464,1110
2465,1658
2466,2254
2467,1813
2468,2320
2469,2320
2470,1916
2471,1813
2472,1658
2473,1114
2474,2228
2475,1967
2476,1813
2477,732
2478,1714
2479,1131
2480,23
2481,2254
2482,2254
2483,1427
2484,732
2485,1462
2486,1114
2487,1087
2488,732
2489,600
2490,2320
2491,1813
2492,1813
2493,1967
2494,1110
2495,1638
2496,2282
2497,2282
2498,2317
2499,47
2500,2320
2501,643
2502,2039
2503,15
2504,2282
2505,131
2506,859
2507,433
2508,2254
2509,928
2510,1631
2511,1004
2512,1081
2513,732
2514,1966
2515,1813
2516,2320
2517,2233
2518,1091
2519,2079
2520,1714
2521,1586
2522,2320
2523,48
2524,600
2525,1855
2526,1638
2527,2107
2528,1995
2529,1813
2530,1258
2531,153
2532,423
2533,1676
2534,2274
2535,2233
2536,314
2537,1761
2538,2317
2539,1658
2540,2317
2541,2104
2542,1673
2543,2317
2544,1714
2545,1813
2546,969
2547,325
2548,1813
2549,1559
2550,140
2551,213
2552,599
2553,2320
2554,1114
2555,702
2556,1813
2557,600
2558,520
2559,1658
2560,2039
2561,1716
2562,1609
2563,847
2564,1082
2565,668
2566,365
2567,1495
2568,156
2569,1638
2570,1091
2571,1116
2572,1658
2573,1658
2574,2317
2575,1714
2576,890
2577,2320
2578,2282
2579,2282
2580,2282
2581,1462
2582,1091
2583,2320
2584,732
2585,1940
2586,1857
2587,2282
2588,1813
2589,1114
2590,1813
2591,522
2592,2282
2593,1618
2594,1605
2595,2254
2596,1967
2597,1714
2598,732
2599,2320
2600,2317
2601,1813
2602,2254
2603,732
2604,2113
2605,732
2606,1029
2607,1658
2608,2254
2609,2039
2610,1714
2611,859
2612,1552
2613,192
2614,2320
2615,732
2616,2233
2617,1967
2618,2118
2619,2373
2620,1714
2621,601
2622,732
2623,1638
2624,1813
2625,1967
2626,1865
2627,732
2628,226
2629,2282
2630,1198
2631,643
2632,1714
2633,2282
2634,2320
2635,2233
2636,2282
2637,2282
2638,2254
2639,123
2640,1813
2641,1226
2642,1967
2643,1813
2644,1714
2645,1716
2646,2273
2647,2233
2648,600
2649,1967
2650,1813
2651,1658
2652,1521
2653,2317
2654,447
2655,1
2656,2360
2657,732
2658,1638
2659,985
2660,1521
2661,2317
2662,755
2663,2320
2664,1638
2665,600
2666,2233
2667,2233
2668,1658
2669,2320
2670,600
2671,2233
2672,1967
2673,732
2674,2254
2675,287
2676,253
2677,1638
2678,1110
2679,1183
2680,1634
2681,2357
2682,2233
2683,1714
2684,1116
2685,1521
2686,1130
2687,1589
2688,507
2689,1813
2690,890
2691,1301
2692,859
2693,1638
2694,478
2695,1382
2696,11
2697,139
2698,890
2699,2273
2700,306
2701,242
2702,1495
2703,2254
2704,2233
2705,306
2706,306
2707,1635
2708,1167
2709,985
2710,928
2711,2104
2712,1912
2713,1091
2714,1732
2715,174
2716,541
2717,1716
2718,890
2719,1967
2720,1813
2721,2320
2722,2320
2723,1091
2724,1658
2725,1714
2726,890
2727,2282
2728,1857
2729,990
2730,1813
2731,1107
2732,732
2733,1521
2734,2254
2735,506
2736,732
2737,2320
2738,2282
2739,2233
2740,384
2741,2254
2742,2104
2743,1114
2744,732
2745,1110
2746,751
2747,1967
2748,890
2749,443
2750,2282
2751,2133
2752,1312
2753,2039
2754,1967
2755,890
2756,1638
2757,2233
2758,1059
2759,2320
2760,732
2761,2317
2762,2320
2763,1966
2764,1813
2765,2233
2766,2320
2767,953
2768,1714
2769,2254
2770,2282
2771,2282
2772,859
2773,888
2774,2325
2775,1658
2776,902
2777,2320
2778,2282
2779,1813
2780,2320
2781,2273
2782,2320
2783,733
2784,1813
2785,552
2786,2317
2787,1813
2788,2320
2789,1983
2790,2320
2791,118
2792,1195
2793,1825
2794,1658
2795,1813
2796,1638
2797,732
2798,2317
2799,2282
2800,600
2801,1813
2802,1876
2803,859
2804,1521
2805,2254
2806,1714
2807,1114
2808,2317
2809,2233
2810,2254
2811,1813
2812,1813
2813,1658
2814,985
2815,2326
2816,1714
2817,18
2818,1967
2819,2254
2820,2273
2821,2254
2822,2282
2823,1716
2824,1658
2825,2233
2826,1714
2827,2233
2828,2282
2829,2039
2830,1053
2831,490
2832,561
2833,2354
2834,2320
2835,1714
2836,1091
2837,1671
2838,1076
2839,1114
2840,2098
2841,1091
2842,1733
2843,890
2844,1813
2845,213
2846,1114
2847,2289
2848,1116
2849,2317
2850,890
2851,362
2852,1681
2853,2233
2854,390
2855,1521
2856,982
2857,1763
2858,845
2859,2364
2860,1967
2861,829
2862,2273
2863,1956
2864,1495
2865,1825
2866,2250
2867,1110
2868,1029
2869,36
2870,995
2871,2254
2872,707
2873,1114
2874,2320
2875,2282
2876,732
2877,1091
2878,2320
2879,611
2880,1091
2881,859
2882,2320
2883,2320
2884,2317
2885,1714
2886,1813
2887,2254
2888,2320
2889,1541
2890,2282
2891,2233
2892,2254
2893,2282
2894,1716
2895,890
2896,306
2897,1724
2898,2317
2899,888
2900,1521
2901,1813
2902,890
2903,2320
2904,1813
2905,2320
2906,2282
2907,1110
2908,732
2909,890
2910,2320
2911,1091
2912,2317
2913,1714
2914,1521
2915,732
2916,845
2917,1961
2918,2255
2919,2282
2920,732
2921,2256
2922,985
2923,2233
2924,719
2925,2233
2926,961
2927,732
2928,187
2929,1638
2930,1638
2931,1337
2932,1813
2933,2282
2934,859
2935,1813
2936,2320
2937,985
2938,2282
2939,1714
2940,386
2941,2039
2942,2254
2943,1396
2944,732
2945,2254
2946,1813
2947,2320
2948,2282
2949,757
2950,2282
2951,2039
2952,732
2953,2179
2954,890
2955,2273
2956,2282
2957,2016
2958,2282
2959,1967
2960,1813
2961,2317
2962,1714
2963,1714
2964,890
2965,845
2966,732
2967,2317
2968,2233
2969,1589
2970,1172
2971,1989
2972,2254
2973,859
2974,600
2975,1813
2976,1110
2977,1658
2978,732
2979,2320
2980,2320
2981,2273
2982,2282
2983,1983
2984,1010
2985,1505
2986,614
2987,2208
2988,447
2989,985
2990,859
2991,1646
2992,1226
2993,2325
2994,2233
2995,1983
2996,2263
2997,1758
2998,732
2999,783
3000,2132
3001,1110
3002,1967
3003,2052
3004,2320
3005,732
3006,1301
3007,1716
3008,1658
3009,859
3010,1940
3011,2125
3012,64
3013,133
3014,2168
3015,1919
3016,2282
3017,1967
3018,2012
3019,1226
3020,118
3021,1116
3022,1813
3023,2148
3024,985
3025,1658
3026,1300
3027,1714
3028,2287
3029,1892
3030,2373
3031,1405
3032,890
3033,1739
3034,443
3035,2254
3036,2320
3037,732
3038,2233
3039,1857
3040,2320
3041,1110
3042,732
3043,979
3044,2317
3045,2254
3046,1312
3047,890
3048,1714
3049,2282
3050,732
3051,732
3052,1114
3053,1114
3054,2320
3055,2340
3056,2254
3057,1813
3058,732
3059,2282
3060,1714
3061,2282
3062,2320
3063,1172
3064,1813
3065,2039
3066,771
3067,2320
3068,2254
3069,2039
3070,732
3071,732
3072,2243
3073,1638
3074,2282
3075,887
3076,2282
3077,2326
3078,2233
3079,2254
3080,732
3081,1123
3082,1412
3083,2233
3084,988
3085,1714
3086,2320
3087,1462
3088,511
3089,888
3090,1714
3091,732
3092,2067
3093,1110
3094,859
3095,1186
3096,2254
3097,1638
3098,890
3099,1110
3100,2282
3101,2256
3102,2320
3103,1812
3104,732
3105,306
3106,1813
3107,1522
3108,1967
3109,1967
3110,2320
3111,77
3112,2233
3113,1638
3114,2039
3115,2325
3116,2163
3117,2282
3118,2252
3119,2282
3120,1638
3121,890
3122,2282
3123,2143
3124,890
3125,1813
3126,2208
3127,118
3128,1716
3129,2320
3130,2320
3131,732
3132,1813
3133,2254
3134,2085
3135,2255
3136,2320
3137,1278
3138,1111
3139,1114
3140,561
3141,2317
3142,2320
3143,233
3144,2320
3145,1716
3146,1521
3147,2254
3148,2313
3149,593
3150,2039
3151,2208
3152,1781
3153,2282
3154,2206
3155,1756
3156,985
3157,1967
3158,2317
3159,932
3160,2282
3161,1318
3162,1110
3163,2373
3164,2317
3165,859
3166,1736
3167,2213
3168,732
3169,1091
3170,1147
3171,2018
3172,2208
3173,1294
3174,2325
3175,1714
3176,734
3177,2320
3178,1886
3179,796
3180,2317
3181,1846
3182,2254
3183,859
3184,1462
3185,1567
3186,2320
3187,306
3188,379
3189,1917
3190,397
3191,851
3192,1046
3193,732
3194,2056
3195,2254
3196,1522
3197,1280
3198,2254
3199,1815
3200,1813
3201,1658
3202,890
3203,1813
3204,732
3205,890
3206,2320
3207,1815
3208,2317
3209,2282
3210,1813
3211,2282
3212,732
3213,2254
3214,2282
3215,2317
3216,2320
3217,800
3218,1114
3219,1111
3220,2254
3221,2317
3222,859
3223,1714
3224,2282
3225,890
3226,732
3227,1813
3228,1114
3229,2208
3230,613
3231,859
3232,1445
3233,2282
3234,890
3235,1714
3236,1813
3237,1813
3238,1522
3239,1967
3240,2320
3241,890
3242,732
3243,2039
3244,732
3245,2282
3246,890
3247,2254
3248,887
3249,2282
3250,2320
3251,1522
3252,1522
3253,2254
3254,1714
3255,1415
3256,1716
3257,2017
3258,2320
3259,1233
3260,2282
3261,2099
3262,1813
3263,2325
3264,1110
3265,118
3266,210
3267,2317
3268,2317
3269,2366
3270,2256
3271,2254
3272,1850
3273,2067
3274,2233
3275,2039
3276,2282
3277,1967
3278,593
3279,2320
3280,600
3281,1091
3282,1423
3283,1714
3284,2282
3285,2233
3286,366
3287,1658
3288,2282
3289,1554
3290,520
3291,1522
3292,2282
3293,1731
3294,600
3295,38
3296,1671
3297,890
3298,1951
3299,294
3300,1521
3301,1238
3302,2282
3303,447
3304,2254
3305,1111
3306,732
3307,613
3308,2254
3309,1967
3310,2371
3311,1823
3312,2035
3313,2039
3314,1521
3315,1714
3316,1787
3317,2320
3318,2320
3319,1228
3320,254
3321,17
3322,1245
3323,1671
3324,890
3325,2282
3326,1659
3327,2320
3328,1638
3329,1638
3330,1278
3331,1252
3332,243
3333,1577
3334,51
3335,2320
3336,73
3337,202
3338,1648
3339,559
3340,1930
3341,1309
3342,447
3343,1347
3344,1236
3345,890
3346,2320
3347,2148
3348,1813
3349,2282
3350,888
3351,890
3352,732
3353,1638
3354,2282
3355,1813
3356,985
3357,2320
3358,2282
3359,890
3360,426
3361,1105
3362,2282
3363,732
3364,2208
3365,1091
3366,1714
3367,611
3368,732
3369,2320
3370,1611
3371,1815
3372,2208
3373,2311
3374,1522
3375,2254
3376,2342
3377,1813
3378,1318
3379,890
3380,732
3381,732
3382,2148
3383,2282
3384,732
3385,1714
3386,2121
3387,2316
3388,2148
3389,2282
3390,2317
3391,732
3392,1638
3393,1110
3394,897
3395,2282
3396,1815
3397,2282
3398,598
3399,2294
3400,2254
3401,2320
3402,2320
3403,1522
3404,859
3405,2139
3406,2254
3407,1674
3408,2320
3409,732
3410,2282
3411,2067
3412,1110
3413,2320
3414,1114
3415,2039
3416,1813
3417,1983
3418,80
3419,2254
3420,1091
3421,888
3422,1522
3423,887
3424,2063
3425,1111
3426,2233
3427,1714
3428,2256
3429,2256
3430,1050
3431,431
3432,1849
3433,1114
3434,1185
3435,2317
3436,2320
3437,1462
3438,1813
3439,732
3440,2254
3441,953
3442,1714
3443,1714
3444,1522
3445,2039
3446,374
3447,1785
3448,985
3449,2039
3450,2317
3451,237
3452,1648
3453,2282
3454,1716
3455,1716
3456,1714
3457,488
3458,2315
3459,1863
3460,1341
3461,1714
3462,118
3463,1714
3464,1970
3465,2342
3466,306
3467,1832
3468,2282
3469,25
3470,324
3471,2011
3472,2243
3473,1522
3474,1813
3475,2049
3476,2254
3477,1030
3478,1060
3479,2039
3480,2016
3481,1522
3482,2362
3483,1511
3484,1875
3485,1050
3486,1593
3487,472
3488,2104
3489,395
3490,913
3491,2282
3492,2205
3493,600
3494,1714
3495,818
3496,906
3497,25
3498,2254
3499,1147
3500,1759
3501,733
3502,726
3503,2282
3504,1539
3505,2282
3506,1813
3507,2254
3508,1111
3509,2320
3510,1813
3511,2320
3512,2320
3513,732
3514,890
3515,2282
3516,732
3517,1114
3518,2320
3519,2243
3520,118
3521,1857
3522,2254
3523,2254
3524,1522
3525,809
3526,890
3527,1813
3528,2373
3529,1714
3530,2316
3531,2183
3532,1091
3533,2104
3534,890
3535,2282
3536,1132
3537,2233
3538,1028
3539,2148
3540,2039
3541,455
3542,732
3543,859
3544,1114
3545,2231
3546,751
3547,2039
3548,2282
3549,2282
3550,1983
3551,2365
3552,2039
3553,2320
3554,1283
3555,1522
3556,1338
3557,2254
3558,732
3559,1658
3560,1522
3561,1714
3562,2320
3563,732
3564,2320
3565,2174
3566,1452
3567,2320
3568,306
3569,1008
3570,2282
3571,2254
3572,1815
3573,732
3574,2282
3575,859
3576,1714
3577,2143
3578,1661
3579,911
3580,1522
3581,306
3582,1114
3583,2255
3584,1522
3585,732
3586,2233
3587,2317
3588,1091
3589,1136
3590,559
3591,788
3592,1110
3593,2233
3594,306
3595,2282
3596,2256
3597,306
3598,1528
3599,2208
3600,732
3601,2320
3602,2282
3603,1111
3604,1983
3605,1110
3606,2317
3607,913
3608,1578
3609,1399
3610,985
3611,1648
3612,1648
3613,2360
3614,2121
3615,2104
3616,1362
3617,889
3618,1110
3619,1111
3620,417
3621,1638
3622,1084
3623,1564
3624,1813
3625,1317
3626,24
3627,732
3628,1091
3629,2282
3630,859
3631,826
3632,1826
3633,1604
3634,2282
3635,1638
3636,2320
3637,2243
3638,2208
3639,2205
3640,2317
3641,667
3642,1251
3643,981
3644,1574
3645,1779
3646,890
3647,1578
3648,2320
3649,289
3650,1490
3651,683
3652,1815
3653,1111
3654,2282
3655,2254
3656,1296
3657,2283
3658,1983
3659,732
3660,493
3661,2258
3662,1057
3663,2320
3664,1813
3665,1813
3666,2282
3667,732
3668,890
3669,1604
3670,1114
3671,2320
3672,2320
3673,600
3674,732
3675,2282
3676,1901
3677,1052
3678,2148
3679,696
3680,1813
3681,888
3682,1091
3683,2384
3684,1714
3685,2039
3686,2317
3687,2282
3688,1110
3689,1136
3690,2148
3691,1110
3692,2320
3693,118
3694,1327
3695,2254
3696,859
3697,1114
3698,1648
3699,732
3700,2317
3701,1402
3702,2317
3703,1522
3704,2039
3705,2208
3706,714
3707,888
3708,2320
3709,2254
3710,732
3711,732
3712,1825
3713,2254
3714,1638
3715,2317
3716,730
3717,800
3718,2254
3719,2148
3720,2320
3721,732
3722,331
3723,202
3724,2039
3725,2039
3726,993
3727,1522
3728,1953
3729,2320
3730,2282
3731,2213
3732,1785
3733,888
3734,1110
3735,9
3736,1785
3737,12
3738,1091
3739,2254
3740,2282
3741,2282
3742,2317
3743,488
3744,49
3745,1919
3746,1983
3747,2320
3748,1110
3749,1714
3750,2148
3751,2039
3752,2282
3753,1813
3754,732
3755,2208
3756,2254
3757,1592
3758,2148
3759,1058
3760,925
3761,2254
3762,2233
3763,2320
3764,2233
3765,732
3766,985
3767,1214
3768,1575
3769,2233
3770,1714
3771,1091
3772,2317
3773,1177
3774,2039
3775,1951
3776,2320
3777,2282
3778,1716
3779,1147
3780,1764
3781,2320
3782,1764
3783,986
3784,1765
3785,1648
3786,851
3787,2208
3788,1813
3789,1263
3790,27
3791,2035
3792,1648
3793,1522
3794,1976
3795,529
3796,1658
3797,2252
3798,2240
3799,1164
3800,1266
3801,2052
3802,1623
3803,2175
3804,2148
3805,1658
3806,529
3807,2320
3808,1982
3809,1289
3810,1982
3811,233
3812,322
3813,2190
3814,1522
3815,2120
3816,2173
3817,1813
3818,1813
3819,2320
3820,1297
3821,2282
3822,1623
3823,732
3824,732
3825,732
3826,1052
3827,2320
3828,1522
3829,887
3830,592
3831,1813
3832,2317
3833,2320
3834,1522
3835,888
3836,2039
3837,1951
3838,2254
3839,2320
3840,732
3841,1716
3842,1091
3843,859
3844,1114
3845,1813
3846,1813
3847,306
3848,1951
3849,809
3850,1813
3851,2282
3852,2143
3853,2148
3854,1522
3855,2317
3856,1813
3857,2373
3858,2148
3859,890
3860,1714
3861,2255
3862,428
3863,2320
3864,2148
3865,2282
3866,2282
3867,2254
3868,2282
3869,1522
3870,985
3871,2282
3872,1522
3873,256
3874,1813
3875,2282
3876,767
3877,550
3878,186
3879,890
3880,2282
3881,1114
3882,1091
3883,2148
3884,732
3885,2148
3886,1714
3887,890
3888,1813
3889,732
3890,732
3891,2320
3892,1714
3893,1772
3894,2254
3895,1983
3896,529
3897,732
3898,732
3899,1327
3900,1318
3901,711
3902,1951
3903,1940
3904,732
3905,732
3906,964
3907,2136
3908,1110
3909,118
3910,2282
3911,732
3912,1110
3913,2327
3914,2000
3915,2039
3916,1962
3917,1813
3918,764
3919,250
3920,1815
3921,1716
3922,1807
3923,2233
3924,888
3925,529
3926,1176
3927,2208
3928,1335
3929,1295
3930,1590
3931,275
3932,936
3933,1091
3934,1884
3935,2320
3936,2039
3937,2263
3938,1110
3939,1714
3940,2090
3941,1737
3942,2320
3943,1110
3944,898
3945,306
3946,1110
3947,2365
3948,2039
3949,1698
3950,1648
3951,1951
3952,732
3953,799
3954,98
3955,2254
3956,2243
3957,859
3958,732
3959,2282
3960,1262
3961,2320
3962,2148
3963,1050
3964,1716
3965,2282
3966,118
3967,1607
3968,2208
3969,1638
3970,1522
3971,2320
3972,499
3973,210
3974,808
3975,2254
3976,1332
3977,2320
3978,2148
3979,732
3980,715
3981,1638
3982,2148
3983,732
3984,2282
3985,2208
3986,1991
3987,2208
3988,2243
3989,1858
3990,1813
3991,2282
3992,2148
3993,1783
3994,732
3995,890
3996,2067
3997,2320
3998,2317
3999,2282
4000,1358
4001,2208
4002,2039
4003,859
4004,2282
4005,1091
4006,2282
4007,87
4008,2316
4009,2232
4010,2282
4011,50
4012,1366
4013,1110
4014,2282
4015,752
4016,732
4017,1714
4018,529
4019,1714
4020,1813
4021,2254
4022,1522
4023,1052
4024,2254
4025,1522
4026,1110
4027,2320
4028,888
4029,419
4030,1455
4031,1853
4032,888
4033,2282
4034,1951
4035,1114
4036,2254
4037,2039
4038,2039
4039,985
4040,2311
4041,1951
4042,2000
4043,1563
4044,1302
4045,879
4046,431
4047,1645
4048,1951
4049,138
4050,2148
4051,1114
4052,1648
4053,1158
4054,1302
4055,421
4056,1505
4057,2320
4058,732
4059,1452
4060,1557
4061,1625
4062,2282
4063,1522
4064,223
4065,124
4066,2320
4067,2317
4068,1813
4069,1578
4070,288
4071,155
4072,962
4073,1091
4074,1591
4075,2148
4076,496
4077,1110
4078,1462
4079,2254
4080,1354
4081,1648
4082,1813
4083,1256
4084,912
4085,306
4086,1667
4087,732
4088,2143
4089,732
4090,965
4091,732
4092,2294
4093,1544
4094,2265
4095,2126
4096,887
4097,663
4098,382
4099,103
4100,1346
4101,1813
4102,1578
4103,1945
4104,1607
4105,1714
4106,118
4107,1607
4108,2282
4109,732
4110,2320
4111,2239
4112,1638
4113,2320
4114,1050
4115,199
4116,2282
4117,2320
4118,732
4119,2358
4120,994
4121,2317
4122,2311
4123,2148
4124,2282
4125,107
4126,2373
4127,1813
4128,730
4129,1772
4130,1813
4131,1716
4132,1813
4133,2251
4134,2254
4135,2320
4136,2159
4137,2254
4138,2243
4139,1813
4140,2035
4141,2243
4142,732
4143,1823
4144,1648
4145,1035
4146,2317
4147,1813
4148,1184
4149,215
4150,2148
4151,1813
4152,2282
4153,2039
4154,2282
4155,2254
4156,2254
4157,1522
4158,2282
4159,1147
4160,2148
4161,1110
4162,1196
4163,2373
4164,1951
4165,2320
4166,2208
4167,1013
4168,1591
4169,994
4170,1354
4171,1110
4172,2243
4173,859
4174,2282
4175,2317
4176,649
4177,1737
4178,2282
4179,1114
4180,953
4181,2254
4182,1052
4183,1945
4184,732
4185,1095
4186,2110
4187,2148
4188,2252
4189,1335
4190,1052
4191,2320
4192,696
4193,2317
4194,1110
4195,1203
4196,179
4197,985
4198,2139
4199,118
4200,2358
4201,548
4202,732
4203,1714
4204,2255
4205,1332
4206,1823
4207,943
4208,2311
4209,764
4210,1952
4211,1714
4212,2259
4213,994
4214,732
4215,529
4216,1102
4217,857
4218,1772
4219,2358
4220,2143
4221,1951
4222,1716
4223,120
4224,1050
4225,2380
4226,1050
4227,1951
4228,1630
4229,1332
4230,472
4231,890
4232,2046
4233,107
4234,2013
4235,894
4236,105
4237,1607
4238,1813
4239,2320
4240,2254
4241,1606
4242,1114
4243,446
4244,2254
4245,54
4246,2148
4247,446
4248,1714
4249,732
4250,985
4251,121
4252,408
4253,2254
4254,2038
4255,2282
4256,1748
4257,1220
4258,1813
4259,2320
4260,1600
4261,2320
4262,2229
4263,2320
4264,574
4265,1605
4266,309
4267,27
4268,1522
4269,2003
4270,2254
4271,1714
4272,1301
4273,2354
4274,1522
4275,1813
4276,1159
4277,1184
4278,732
4279,2254
4280,442
4281,199
4282,1638
4283,637
4284,121
4285,192
4286,732
4287,2282
4288,888
4289,1813
4290,13
4291,890
4292,2255
4293,637
4294,436
4295,2143
4296,2143
4297,853
4298,384
4299,20
4300,491
4301,888
4302,1813
4303,1951
4304,2293
4305,118
4306,2034
4307,2039
4308,985
4309,2243
4310,2282
4311,985
4312,1091
4313,1813
4314,1154
4315,1522
4316,288
4317,167
4318,410
4319,1900
4320,1951
4321,2208
4322,1021
4323,1823
4324,1108
4325,1093
4326,2148
4327,72
4328,673
4329,1139
4330,2130
4331,2317
4332,2148
4333,2070
4334,1909
4335,2301
4336,512
4337,1938
4338,2343
4339,1196
4340,327
4341,925
4342,2337
4343,2039
4344,25
4345,2358
4346,934
4347,1318
4348,2243
4349,1299
4350,1114
4351,1453
4352,1161
4353,1299
4354,414
4355,532
4356,202
4357,2320
4358,1607
4359,878
4360,2282
4361,2307
4362,1144
4363,1091
4364,1522
4365,1821
4366,1813
4367,2282
4368,2254
4369,934
4370,1857
4371,2320
4372,1813
4373,148
4374,1541
4375,1050
4376,305
4377,1238
4378,778
4379,732
4380,408
4381,2320
4382,2328
4383,1522
4384,2354
4385,1107
4386,2254
4387,2254
4388,420
4389,384
4390,1638
4391,1462
4392,778
4393,1442
4394,888
4395,319
4396,499
4397,1714
4398,2282
4399,2317
4400,890
4401,2354
4402,2148
4403,2282
4404,2208
4405,2282
4406,974
4407,2148
4408,27
4409,1857
4410,1114
4411,1142
4412,439
4413,118
4414,2282
4415,1110
4416,488
4417,2343
4418,1335
4419,1091
4420,2282
4421,2320
4422,732
4423,411
4424,1813
4425,2320
4426,2320
4427,418
4428,872
4429,1191
4430,732
4431,236
4432,1120
4433,1524
4434,1302
4435,1196
4436,1522
4437,306
4438,2148
4439,607
4440,2105
4441,1777
4442,1295
4443,1929
4444,1110
4445,202
4446,2143
4447,1970
4448,841
4449,2282
4450,1568
4451,1661
4452,1119
4453,1638
4454,1488
4455,1772
4456,732
4457,267
4458,1177
4459,1616
4460,2255
4461,769
4462,424
4463,1110
4464,439
4465,529
4466,1769
4467,1970
4468,1050
4469,150
4470,317
4471,1104
4472,1813
4473,712
4474,398
4475,1658
4476,732
4477,2052
4478,1011
4479,2112
4480,313
4481,1772
4482,1638
4483,1607
4484,1488
4485,2254
4486,1607
4487,2282
4488,1638
4489,2039
4490,1477
4491,2254
4492,840
4493,2148
4494,1714
4495,732
4496,2317
4497,2148
4498,1813
4499,1091
4500,1541
4501,2320
4502,2320
4503,2254
4504,2254
4505,1267
4506,2039
4507,2148
4508,732
4509,890
4510,2282
4511,732
4512,2320
4513,2110
4514,2282
4515,163
4516,320
4517,2301
4518,2058
4519,1612
4520,1911
4521,2208
4522,732
4523,2148
4524,1009
4525,1813
4526,1418
4527,1857
4528,1714
4529,1271
4530,1813
4531,1813
4532,2282
4533,1714
4534,953
4535,2358
4536,2148
4537,1088
4538,1155
4539,1716
4540,1648
4541,1522
4542,732
4543,888
4544,1593
4545,2004
4546,1714
4547,1462
4548,319
4549,430
4550,529
4551,1110
4552,2282
4553,54
4554,199
4555,2317
4556,1803
4557,2320
4558,215
4559,1522
4560,2148
4561,766
4562,1267
4563,661
4564,2254
4565,2235
4566,1050
4567,2282
4568,1276
4569,1992
4570,408
4571,2317
4572,459
4573,249
4574,1938
4575,1196
4576,71
4577,439
4578,1191
4579,1716
4580,887
4581,2360
4582,2282
4583,26
4584,2243
4585,1813
4586,306
4587,450
4588,532
4589,2332
4590,2292
4591,488
4592,1929
4593,2085
4594,673
4595,62
4596,306
4597,2282
4598,2149
4599,1099
4600,911
4601,1302
4602,1591
4603,1091
4604,2148
4605,1714
4606,118
4607,1607
4608,732
4609,1813
4610,1120
4611,2282
4612,2161
4613,2317
4614,2243
4615,888
4616,2254
4617,2320
4618,2254
4619,1522
4620,2320
4621,1813
4622,878
4623,1593
4624,2254
4625,438
4626,2317
4627,2254
4628,2320
4629,934
4630,1078
4631,2282
4632,1813
4633,1813
4634,1213
4635,985
4636,529
4637,2339
4638,732
4639,823
4640,1091
4641,974
4642,1714
4643,778
4644,2254
4645,1813
4646,1891
4647,431
4648,732
4649,179
4650,2004
4651,2256
4652,2282
4653,2254
4654,2013
4655,1320
4656,408
4657,826
4658,163
4659,2143
4660,1838
4661,1537
4662,1591
4663,241
4664,716
4665,881
4666,1813
4667,890
4668,732
4669,2135
4670,2033
4671,503
4672,199
4673,163
4674,2148
4675,1061
4676,2358
4677,1522
4678,1339
4679,1114
4680,236
4681,163
4682,2316
4683,163
4684,2320
4685,637
4686,319
4687,163
4688,799
4689,2254
4690,855
4691,1286
4692,319
4693,485
4694,1089
4695,1492
4696,642
4697,1050
4698,492
4699,777
4700,859
4701,1607
4702,2254
4703,1607
4704,319
4705,2320
4706,2320
4707,295
4708,2320
4709,1607
4710,1091
4711,2254
4712,1541
4713,445
4714,2291
4715,1813
4716,637
4717,606
4718,714
4719,2320
4720,1120
4721,1114
4722,852
4723,1838
4724,439
4725,2317
4726,2373
4727,967
4728,732
4729,1941
4730,2143
4731,91
4732,1169
4733,1332
4734,1267
4735,2320
4736,1670
4737,1285
4738,1110
4739,1540
4740,319
4741,199
4742,2004
4743,732
4744,1168
4745,732
4746,2282
4747,1714
4748,1630
4749,1716
4750,1054
4751,2005
4752,1517
4753,2039
4754,1088
4755,1986
4756,20
4757,439
4758,2138
4759,529
4760,1486
4761,1714
4762,887
4763,2062
4764,26
4765,199
4766,163
4767,225
4768,1078
4769,1091
4770,1114
4771,125
4772,112
4773,1795
4774,2282
4775,2317
4776,1085
4777,2004
4778,319
4779,1247
4780,2319
4781,1285
4782,2148
4783,529
4784,2320
4785,1839
4786,2312
4787,762
4788,896
4789,2148
4790,1364
4791,311
4792,1819
4793,267
4794,732
4795,1607
4796,2320
4797,828
4798,1522
4799,2320
4800,1714
4801,890
4802,2317
4803,637
4804,2245
4805,54
4806,732
4807,1114
4808,2148
4809,1813
4810,2087
4811,507
4812,962
4813,2317
4814,2317
4815,1267
4816,2320
4817,1813
4818,199
4819,2148
4820,16
4821,2148
4822,1649
4823,732
4824,1716
4825,439
4826,1813
4827,163
4828,393
4829,888
4830,2039
4831,311
4832,1097
4833,2320
4834,2317
4835,818
4836,1174
4837,1110
4838,1714
4839,199
4840,1177
4841,888
4842,319
4843,2004
4844,2104
4845,562
4846,450
4847,806
4848,402
4849,104
4850,2205
4851,654
4852,1406
4853,1436
4854,2320
4855,275
4856,2282
4857,2317
4858,2282
4859,19
4860,84
1301,1437
4210,1766
839,813
759,1494
1588,316
4729,1417
3757,998
4713,2062
1380,2257
4635,1204
1050,2292
4353,719
2579,759
2342,1585
651,1844
870,2278
913,922
4413,1709
1035,297
4541,317
632,1326
3505,1473
1966,381
2877,2146
3141,1117
4060,1424
1579,1589
955,902
1004,1837
4599,1343
346,2304
3640,86
2660,1402
1540,192
792,867
1072,1160
3506,1956
53,237
3004,449
604,591
952,1397
2343,21
76,44
358,2265
3311,587
3203,97
345,826
2273,495
1333,1116
877,2076
3213,1273
3608,1701
2299,577
4321,71
2091,2318
2568,223
1389,441
992,2134
638,1106
838,1409
2949,249
194,453
157,646
4425,1518
3919,2068
8,536
172,885
2810,2353
3586,1789
2220,1829
1716,2215
59,1401
4720,1105
4153,1301
590,2039
3729,745
901,1013
4761,761
1704,1658
3289,777
2145,2234
3466,1274
3671,1316
3290,68
537,51
71,1982
3405,1587
1767,152
2730,2091
3543,1673
1787,395
3190,1015
3475,2208
2111,694
3680,500
4445,1406
4679,693
3760,472
3991,171
2303,1965
2755,1016
4764,424
3322,791
2525,598
4734,738
450,599
2708,970
1537,352
3584,2306
1825,1211
2533,924
3771,305
3581,332
294,42
1432,1419
4777,1419
912,303
99,1121
1110,1760
1820,60
143,766
21,2140
1811,2212
3022,1192
3803,123
1874,557
1517,2283
1169,1656
111,1517
2838,1334
550,845
4810,1011
4646,563
3095,622
908,1054
1762,1356
462,1903
483,1435
2090,1003
835,2325
3232,1249
684,22
2673,1236
1613,119
583,1203
371,303
485,1658
4455,645
1649,938
3480,1492
1569,1442
4062,259
875,1909
2587,1242
3821,1241
3029,1457
3891,1505
4775,957
2116,1903
548,65
3384,1674
2123,200
4291,1279
1827,789
1813,1303
2672,50
1393,1329
2959,371
3419,2347
4732,548
4326,1686
4776,1019
4437,2118
1162,753
1815,1647
261,2077
4336,574
1193,2254
2723,983
2788,906
1787,1840
2008,660
713,33
1238,1434
3271,308
2137,904
3326,1244
2660,759
1550,1141
533,2136
846,1161
3972,1386
3790,2278
418,1609
2570,2006
4779,1237
2822,832
4059,291
4487,541
1126,2283
638,2088
3871,37
467,1047
557,263
4189,339
1698,1154
146,687
2619,1779
171,1025
4526,1205
368,435
4451,1170
747,1877
732,1254
2353,1747
3614,1407
2046,2211
3888,1908
3843,515
1457,1527
555,1268
4643,2058
4025,1997
4676,862
1091,1888
770,101
4591,1330
1727,2058
2537,2347
2804,761
1814,1993
4345,650
4256,364
2731,595
3825,914
2821,1333
2956,277
2828,445
3147,251
2380,46
126,2104
2973,781
176,1262
1629,1949
4053,778
4352,878
2000,792
4449,1938
1899,1701
2281,2175
833,776
1141,1869
4369,2043
950,920
4669,183
1455,512
1490,1993
3165,1571
1042,1113
2424,2147
976,166
2722,468
859,1536
4344,689
4840,2273
677,1514
3042,1953
3127,344
873,329
1244,2056
2701,892
1469,740
842,1135
1263,36
1683,1126
4261,1126
3098,2095
348,1118
1259,2066
3022,2282
2565,664
4492,1666
2264,188
510,2361
4200,6
1070,1018
341,1662
2230,878
3862,1339
2507,1383
4353,1211
4205,289
2033,351
3050,1126
1499,1198
557,1070
4221,833
2609,388
1064,65
1900,2072
242,2080
3191,1634
1467,56
4782,2303
1158,1617
2274,399
2944,1865
4626,665
953,196
2201,2304
4625,1362
705,1530
4140,361
2931,2337
3305,6
468,2338
1724,392
4538,1076
4446,1239
1790,1832
4223,1861
112,1851
1892,662
4599,1500
4681,826
3848,2356
4401,1665
404,900
1805,1790
3495,1607
4765,1950
1102,491
3229,45
4406,1456
3558,174
1342,618
3118,850
395,586
2491,626
1865,60
3593,1366
124,1244
4501,380
1516,535
1501,1170
1161,1503
807,1813
2715,2156
4294,1033
389,1715
3535,2218
3254,106
2966,1603
4770,443
3514,1686
4735,1698
4841,1943
4096,1892
4480,1641
4489,1968
557,12
335,1432
4816,1175
2613,1316
3879,1507
1130,1433
1514,1756
932,1873
2615,2375
2014,357
2339,1416
977,1477
1177,114
972,1199
2030,2324
1504,1451
4415,1871
3478,1792
1184,1069
2426,312
2054,800
3588,2301
2130,1812
773,140
1250,649
2239,560
4478,769
1066,2189
40,1756
1140,467
2578,1066
3249,2169
1489,977
2614,2056
1982,663
954,107
563,1620
1374,184
2439,1289
2377,1180
2542,1597
1426,2258
3927,1932
3310,852
1592,2034
872,1765
4823,984
2516,1794
3080,1957
1197,1145
2251,1479
2719,1599
1508,1260
4053,1935
1676,1608
4162,275
3713,664
2070,1561
2330,271
2842,2227
3358,1711
4482,319
2984,704
4263,1455
995,1516
643,1641
2659,732
4149,2133
4665,1155
3370,1018
1074,574
2968,2067
423,1585
3067,2
1753,2360
1521,1882
3157,1778
2169,2248
4140,2215
3580,1521
2567,806
2180,793
3022,1261
697,1229
2444,1946
3335,1860
3909,1094
1012,400
1146,1257
4859,1582
2473,158
1031,704
2868,1939
3569,871
4306,1873
2274,1328
862,1770
2544,989
3539,1735
4482,144
214,401
3361,1117
271,203
1895,972
3629,1555
509,743
4228,207
4387,358
3128,243
3621,146
3073,1226
4080,51
4089,888
2204,1977
950,1376
3034,84
358,101
370,2259
1688,1842
2270,691
2029,2118
1628,1063
1606,1741
4624,2239
2076,1437
2062,1213
1808,1388
3635,1986
2271,1186
1590,2320
2052,1755
76,1201
2819,2030
2739,1341
3035,822
4437,645
2695,1953
2691,55
4465,2182
58,1728
1452,1928
438,1330
4789,2370
1213,1532
3990,258
2964,90
2411,519
4421,254
2577,813
2581,1886
2746,398
472,39
3577,1038
33,1683
3920,2145
1921,770
1174,881
1515,906
1054,927
2624,1865
4593,226
3536,1470
2454,1642
2310,2085
343,1446
2639,598
2394,2366
2816,1425
722,1424
4640,589
1708,2351
3399,792
479,1936
3807,95
3128,26
1349,2154
2289,714
1476,189
266,1284
1532,984
4801,611
1723,1451
1088,1305
4048,2066
4218,1428
2466,1534
1885,1432
1187,2249
512,223
1994,179
770,132
3767,1285
2366,2235
267,1011
1064,2305
654,1017
309,25
1242,568
2748,1590
2093,1243
4473,1426
1841,2127
1213,589
3776,953
1650,302
254,2100
1766,2178
821,2085
250,309
1037,2098
411,768
3181,1582
248,1819
2592,1749
4134,175
62,1298
1580,240
4788,218
4073,481
2181,1139
1080,614
4202,632
2650,422
695,740
300,1953
4222,1010
249,1140
3723,31
2111,2145
2025,861
2490,722
619,1918
1345,227
3691,1156
2689,2155
1823,1461
566,792
4482,1649
325,433
4385,1973
167,126
2950,694
3153,2283
637,427
2767,1108
675,652
3977,1713
3966,2378
958,2375
2627,2287
4841,1356
2321,119
3936,1806
228,2327
2818,1995
2953,2022
2344,1831
3546,2121
1894,58
558,1709
3801,307
73,1684
4758,1816
3777,1813
3512,2237
1574,1216
4428,397
1854,921
54,185
1897,1614
1214,1387
859,456
1541,1225
1820,348
3946,1884
645,1143
4256,314
660,2179
342,2046
2887,1836
2834,1701
4005,765
3407,1929
2888,819
2367,2120
3535,1107
4533,1123
2517,79
1260,2104
457,870
3654,659
4216,893
4041,843
4629,140
3190,2184
4172,770
2535,1990
2338,2106
2981,699
810,1688
1764,467
717,543
2971,1126
2924,64
49,320
4014,2319
1379,1941
1099,1537
1116,68
2686,2282
310,1075
602,1765
94,2060
4400,226
1924,1912
616,1337
355,237
2759,2263
414,1128
1275,1111
940,1647
1947,545
2979,648
1283,1655
988,1256
1983,1390
2631,1068
3635,1969
1094,1021
3401,12
893,731
1088,253
1273,1129
395,849
4555,2086
654,1292
2136,1428
1423,294
2861,594
4388,507
1280,1241
1275,1478
544,2221
2649,925
4031,1974
4542,593
4115,1416
1101,1394
3753,1182
4636,2090
4001,282
2537,1950
46,722
1588,906
3122,811
2301,492
1650,2106
2241,767
628,2144
1513,1372
1959,593
2677,2304
4457,1553
2855,2059
4583,2318
515,1103
1325,255
2733,383
2952,1045
771,839
4705,835
3226,1916
4636,1008
1840,1479
2406,494
1984,1921
1612,1850
2509,1944
4351,952
905,2179
2145,566
117,1501
4599,643
3051,295
4182,35
4860,402
1088,2229
3578,611
3753,1283
2221,981
1717,1314
1729,476
3316,37
3703,2358
4145,1556
3936,477
3076,1097
1588,230
3937,337
1452,359
4131,1410
836,112
1875,1438
809,143
3163,1393
1648,1611
3435,1692
2372,2099
3897,54
4386,1755
614,925
4469,1951
3184,307
2509,487
3271,1165
508,478
4577,2165
4457,1271
2085,103
808,1151
1893,1033
1306,1695
1222,673
2204,430
4188,382
498,695
1393,2326
4342,2329
4592,1990
944,2227
642,307
1636,1295
1087,2186
2920,160
2479,1422
921,2246
4194,1227
2498,148
544,1997
820,369
462,1218
1792,789
4372,813
3210,537
2332,1277
1646,2241
4679,1264
4523,996
2475,483
4441,1678
4243,511
4680,1669
4679,1866
827,2068
4793,1866
1374,13
4701,164
2036,109
3524,237
4185,2175
1515,919
2361,1814
2950,121
4649,990
4056,1580
1534,564
885,148
4040,21
2375,1718
2005,1908
2482,300
1621,101
387,122
1532,215
4709,1986
1689,665
4803,1517
1541,1040
197,413
4353,1192
2093,1282
583,2337
814,1762
1664,1430
1639,112
4174,640
2746,1522
4264,121
668,1942
616,1269
3860,1669
2336,240
3356,1528
2248,1253
2338,1874
3705,1365
3993,1244
4440,609
4298,2290
4504,1625
3444,1275
1515,1640
1444,1379
1681,550
3929,1869
1230,1809
3829,1643
2409,644
2504,2211
51,614
31,1538
2361,355
4274,178
1148,1421
517,1571
4856,11
932,1122
2246,1910
3638,2331
3296,159
3112,48
4319,1868
3509,1569
2813,608
1983,563
4273,804
3134,1125
4251,1476
2523,147
1117,614
3632,2243
2239,2080
3061,931
2090,1865
356,558
2259,2137
1255,1292
2244,1432
4248,1435
2508,1492
4645,227
786,1088
3243,679
3783,1633
3076,2293
4471,402
2007,2332
803,1495
1302,680
1080,1930
1093,855
4704,2005
809,1174
919,152
2177,170
1174,2114
4491,609
144,623
3419,1881
3097,931
2594,1031
1389,1659
1471,2004
1482,1560
3270,1255
2241,745
2035,78
1923,325
3924,693
480,1347
4224,790
4234,2132
4800,1629
2956,931
1937,1444
240,1080
2337,1130
1350,1075
1863,581
787,2075
771,1811
234,1498
3359,1543
945,1960
844,1172
2462,1902
4107,145
3128,138
3209,170
1694,2191
3470,1660
1734,1018
979,689
42,613
2670,381
3252,130
4854,2047
4652,2353
4574,1286
1447,909
434,92
608,908
1135,2120
521,1686
4660,722
4754,1467
272,367
3941,2101
3999,1185
312,974
1882,342
3085,211
31,171
4614,1544
2331,682
853,2002
4269,1313
3433,1089
1873,1834
2203,828
1695,536
4179,2048
3318,1472
2455,2363
3407,602
2588,1690
1329,396
2433,1147
586,537
3044,1430
2415,1501
2242,756
1414,1993
2672,573
730,223
3650,712
4116,557
219,176
711,878
1583,1687
1011,2014
4666,324
1940,1186
4147,1114
856,1341
1501,248
3448,1275
4685,2241
3843,950
4694,458
3666,1549
2456,1785
1136,411
3115,1742
2787,289
955,565
3655,2222
474,92
352,1629
3603,1065
2082,2247
2212,8
4039,318
2936,1515
4587,57
1838,1828
3424,42
694,736
3430,512
1449,1155
4351,1133
519,993
23,2368
867,2044
2780,1953
3838,2335
2054,1855
698,1289
4738,2125
3012,1673
1337,1345
1841,1479
3121,1903
1027,1127
737,2380
1813,141
3633,81
639,52
2645,672
1929,1668
4148,2010
2037,2342
1719,298
1404,1947
4287,1269
2136,1218
2479,1544
3648,282
785,1359
2782,146
1125,2299
532,1400
3287,1900
3433,899
864,1666
1718,2036
3569,2380
777,1848
71,57
785,1479
3048,2050
4484,763
4272,1959
2957,1901
789,994
1392,2232
2032,2042
3884,2153
3002,2155
2843,1378
3309,905
1694,1114
109,2117
3073,143
1260,450
1226,1340
4057,421
2666,2143
4041,577
497,1233
4842,293
4364,1468
1471,2233
576,2036
2293,660
4676,1471
1445,2191
2061,936
1465,1391
661,1436
3719,2329
3527,464
546,1044
369,1984
2488,1993
2689,2021
2538,622
2700,653
3274,1609
1781,1774
2192,2127
768,1768
3468,1681
1730,235
2073,1640
993,1832
1176,710
4051,191
3190,1413
290,679
3869,2358
3188,372
29,540
4435,24
4337,1808
265,1448
30,697
3848,1686
4596,1816
591,1985
1242,1626
4729,1158
1508,1610
3278,1248
2605,1575
2255,1894
4260,947
1485,2240
3634,1305
3198,2134
4218,2018
2765,443
1929,1216
482,1853
2854,1314
3482,911
1222,1452
640,1663
3782,142
1931,105
294,1287
4550,2024
2441,85
3161,809
2077,730
2936,804
2164,2247
959,1932
148,1986
1021,1639
861,1975
2207,1583
2889,1330
984,115
4477,807
380,1769
190,1696
1541,375
2803,1281
4766,449
4380,610
1783,2382
587,1423
4393,1245
205,2122
2153,1764
524,901
558,1157
1020,776
4588,645
1350,411
407,2024
4736,1702
3475,1902
3705,453
3977,999
3647,1758
2322,1672
3851,365
998,554
1490,73
3469,1583
1964,36
4548,50
569,503
1964,391
4052,1989
2998,1274
2477,440
4818,433
1942,1826
802,2253
2996,200
4639,549
3759,2125
4272,926
4009,1803
109,918
1361,930
1055,2241
3162,1430
1495,107
664,1372
90,1896
3755,425
1455,486
3970,2329
567,572
3721,1587
1893,713
4138,1175
4350,1795
696,2139
2511,105
605,23
658,1157
3305,68
2893,2176
502,891
556,1203
627,1696
2416,2017
3912,1446
4661,1207
4234,23
4819,1449
720,1773
2430,371
2326,1450
1964,361
1345,163
2020,2152
4762,1653
82,2173
2011,1285
909,1428
1064,1617
1652,804
1260,539
1962,340
603,511
2790,291
442,1502
2825,319
740,355
637,1008
3777,180
4686,291
2435,1977
2088,668
2832,1635
1061,249
3730,671
4395,1641
2901,538
2710,130
2003,2373
1173,1167
3434,174
3034,919
2922,624
4838,458
2884,715
2615,181
965,2019
4439,2024
4687,2240
3447,2020
2980,2013
1957,761
1536,1248
2956,1486
3984,1115
2225,1030
1655,1739
129,1307
2542,1228
524,1997
3691,445
4461,2028
1407,1200
3094,758
4410,2327
4597,459
3522,182
4712,2273
3425,2061
3495,280
2672,1648
976,56
1003,1534
4858,1147
220,206
1104,1539
3658,689
903,698
4209,641
2700,1627
3877,430
2422,1402
762,827
1766,941
313,212
4134,335
1643,1394
2240,2048
4623,2369
2817,1068
2933,201
2734,1887
4283,199
3916,461
200,23
1663,1260
3297,1362
3295,1724
1259,1808
4408,494
939,645
4671,778
2557,1012
4300,1741
2239,2007
234,1177
3348,917
2150,689
3510,1775
612,941
3624,1329
2528,1089
3133,2332
2368,1817
3965,1914
3089,1829
3895,1552
1689,545
1834,1282
583,53
4728,2262
961,438
460,1679
2905,1440
1350,1552
4662,1788
3454,2043
3641,1147
518,36
2734,2007
1799,679
3603,907
3609,1727
988,451
2684,94
1727,1134
4405,1512
4040,420
2633,1103
4608,1584
502,1302
1642,1567
3615,2184
980,296
3471,893
4344,2164
2305,1139
2222,1623
3542,959
4767,1306
3359,1086
2139,2347
4379,409
1311,88
4843,36
1211,1077
3518,1325
2859,978
2722,341
1884,625
1778,286
2929,340
4400,1760
3477,35
14,1150
3375,1383
4153,895
4684,2213
4393,1181
2950,439
236,2340
3107,1696
2356,1577
396,322
2653,1667
3651,1254
1039,1451
4235,2357
606,1689
2439,197
1882,350
2549,1582
4667,1837
296,2070
4146,552
1095,414
4525,1319
2410,258
3290,1966
2168,523
2068,1515
212,951
2334,2009
52,1190
3220,228
1724,1636
1669,561
4147,1571
2320,757
1641,2206
598,136
4740,2141
1162,1088
3062,1460
2905,1294
816,1430
2755,1875
2467,1340
657,1661
3357,1652
2170,738
2640,132
2275,1596
3283,365
445,1329
2756,2298
4233,1482
1380,1460
1003,1139
737,860
4528,1801
3525,1104
874,398
880,602
1931,1746
4216,597
967,1362
3238,57
1649,1469
4415,1290
1102,899
3366,757
4787,1277
1900,2080
4386,789
1052,171
3211,1773
1917,732
3718,2036
4728,282
96,876
2428,694
1600,6
2475,1923
138,1483
2611,2050
564,927
2268,2275
4666,698
1398,1343
1214,2047
1306,1052
2210,274
590,105
2501,2142
3630,947
4114,1249
1328,1532
1315,1285
2888,829
3526,616
1292,1554
1852,284
4336,1995
122,2318
692,1864
3090,1448
47,1694
2620,380
3537,1677
3313,106
3085,491
467,1406
4409,1143
3538,512
1545,31
1159,2040
852,2193
934,320
4172,1056
2954,306
2355,1981
4515,2128
369,718
4028,459
1955,396
711,473
554,899
3209,2256
2239,398
3915,899
183,2217
4144,653
632,824
3163,2074
3558,115
422,1321
3713,1870
2691,2311
4436,414
3721,949
986,1147
1924,1837
3012,1933
499,64
928,1729
2061,1758
1055,1128
1589,1125
4549,1269
1325,1043
270,1189
1743,544
266,218
1672,248
3198,120
2777,811
3135,697
3279,207
577,2326
3420,881
3756,1403
443,840
554,1870
3448,2301
908,52
2542,6
3638,907
1070,1285
1570,1189
325,1784
2637,2043
4700,2177
958,2219
786,778
2513,779
4713,1609
2831,1087
1585,942
1486,2285
1499,686
547,848
4704,1530
4650,1499
3536,914
1369,2279
786,903
2633,2342
1233,389
9,1986
164,2103
831,1912
1558,1032
640,504
4005,552
2018,233
4584,1071
671,665
1313,1419
761,1063
2792,736
2106,882
4213,1418
1034,1502
3876,832
3577,140
532,795
2205,2285
302,1015
1816,266
3803,64
4766,2246
997,2117
2677,1800
517,643
733,2232
165,250
3874,57
1947,335
3776,630
1216,1057
4846,486
2250,1290
2813,744
3425,1326
3118,2247
3624,1804
4430,319
1960,2333
738,782
3577,376
2339,1498
2169,1141
3268,16
2376,1390
2838,1708
4162,186
3213,647
3895,2018
751,227
319,2130
4808,2223
423,1107
1508,1560
2850,2054
3189,1377
3642,1354
2969,289
436,522
1892,2347
672,423
4385,475
3355,2103
2398,289
2632,2337
1739,2207
3008,1987
4083,805
4843,1958
3085,1799
276,2308
475,1307
3738,944
2950,321
3506,1020
1615,2185
1086,1853
1559,2318
2449,132
2829,892
943,841
4138,1507
3318,1583
2920,450
4148,925
2139,1582
1069,1256
1923,1202
4285,707
1066,666
967,1211
2548,1408
2971,771
4073,386
10,1026
3161,1646
1601,2173
4527,726
2964,708
3842,1793
4744,671
1989,1264
1451,2329
2216,1609
589,1179
1312,94
671,2141
1316,1214
275,1168
877,634
2880,174
961,1405
3009,884
3899,2269
2462,1968
2304,1904
3668,565
639,925
3912,1827
4552,1305
2227,417
3790,1155
3985,1306
803,1659
3260,953
2758,1261
2119,868
2839,2239
3547,1029
1746,1543
511,778
761,2001
92,1759
3458,481
2470,1738
2979,501
4578,123
1244,801
1433,699
49,999
1309,1619
4033,1271
4546,1202
2883,58
1164,1326
2842,1687
4080,1072
582,1595
580,796
2759,1647
4106,1137
2282,912
2238,737
592,5
3802,1429
2935,1520
1545,2366
2993,1881
2298,1317
3778,2031
3745,893
3218,1532
1490,312
1818,1428
3958,1144
84,1249
2563,2146
930,945
1737,843
2218,1723
3305,1848
3694,1856
110,1093
3890,1504
55,1781
2310,1179
2995,276
3155,1720
1970,20
4573,1349
1058,985
2898,785
3002,1626
57,304
3499,221
1499,134
3042,891
3510,2058
2318,397
4480,676
2119,2010
173,2108
1831,2184
3330,345
1622,1864
4058,2365
3927,1067
3818,1896
776,639
3718,1731
1663,1134
4423,226
3162,1661
2098,1253
4362,590
1128,1765
240,1268
2618,2191
2376,1170
2279,2107
3608,2196
4497,532
1740,618
2806,190
4058,1914
4288,316
1986,2195
645,2196
516,1054
3240,74
265,2064
3430,1496
4796,679
742,1551
647,2138
295,1435
454,2037
368,128
2227,791
855,2020
3925,1597
1263,1493
463,2378
4226,2319
4742,1566
2984,115
3799,22
2833,1545
2223,1739
757,2027
393,591
545,966
421,2325
1364,1901
3330,1314
2268,493
3889,2098
2843,1588
2779,770
760,1404
86,1883
1169,1980
2779,1334
3509,793
2501,1268
2358,1021
4525,2065
1520,103
2229,777
2420,1421
489,2029
1508,350
3652,333
2635,39
988,1293
3377,463
4792,2354
4332,1329
3562,2365
2285,1505
4762,421
4690,1511
702,100
2581,1233
4097,1145
2756,228
1538,1976
1325,544
2055,1996
3403,1774
3752,1178
4556,891
937,309
4850,1694
1943,2138
3425,1231
1933,1246
3240,337
3895,1699
3629,934
831,497
3474,1471
1609,983
3659,123
3097,503
692,1866
910,1443
3830,415
1186,2158
1290,1926
4388,621
115,1563
4637,1356
2629,661
2828,928
1169,783
1670,671
1043,294
1854,1443
1148,1307
3038,1419
1722,1212
727,1608
2240,1022
3860,1123
3958,2146
3044,111
4792,528
3132,516
4076,671
2921,860
2178,1888
3850,1880
2526,1594
2511,697
4624,734
1834,1268
3884,304
1422,2094
687,242
2892,1693
2732,2241
1586,191
2278,1764
3030,2208
1436,1562
1885,2276
2089,1315
2696,873
3182,160
1759,2013
3191,1421
2147,209
1706,2267
2179,1345
3148,1835
3648,353
4719,2384
3778,2110
2227,2012
258,2011
3417,975
2348,1498
2817,2143
3255,903
548,1415
4427,403
3513,2023
1149,490
1919,2071
1147,125
2603,272
1470,1993
3155,304
3039,1296
1668,1886
4717,169
183,653
500,1813
1059,1197
125,786
1065,2241
3875,382
1494,2267
1334,381
3528,1634
738,2107
2342,2043
950,930
253,2380
4796,2241
580,101
1908,2317
1572,973
1016,341
4546,1465
2385,141
1981,233
2031,1316
183,383
4599,1682
3749,1924
1308,1940
3663,475
4534,2215
2649,2241
4500,164
3240,1311
4713,1292
409,1394
3803,1632
2294,1473
722,1917
361,651
274,2255
107,1240
4351,2282
9,1512
2142,326
3322,718
3722,1195
3651,381
2241,888
1015,743
4565,2219
3176,86
1349,2347
2924,671
1837,413
3217,813
2712,897
3444,2324
2457,1426
2834,556
4746,798
868,1855
4787,391
3287,1631
667,772
2952,1332
2433,678
4093,1936
1799,1850
814,1798
1201,127
2206,98
1625,632
2270,442
4689,1351
330,1266
1134,1826
4748,908
1531,1438
2224,977
1061,775
392,1867
107,1968
4709,635
1938,1219
4312,1926
2154,1063
2937,553
4795,1204
2303,288
1551,3
614,2220
3883,455
3108,2309
653,1079
3909,2286
4278,869
4658,1213
2812,1512
4619,2098
4170,1480
3582,853
2208,2071
2691,384
1417,1575
3059,868
3267,431
1635,2013
177,1745
4778,2006
53,313
3951,1189
115,353
1915,183
1484,1095
250,565
3161,1951
2636,1919
1129,1033
796,775
26,1209
207,667
3154,1491
2147,465
4261,1052
2472,1066
262,111
3718,1896
3502,661
1699,1053
3875,234
3158,1016
2912,21
2524,773
3442,1066
2442,926
4833,298
2594,335
3416,952
2354,1065
1958,1240
1128,1172
4791,308
1004,11
2183,1365
4523,1936
4815,196
1439,1276
4406,1218
1462,1865
1695,1609
3134,851
395,1627
2491,845
234,1929
134,1499
1415,1462
595,169
2675,541
1304,1259
3398,728
327,945
1818,296
992,155
792,252
2291,943
76,2349
1928,1471
3814,1489
2469,1843
298,403
1523,1873
4440,1379
1368,1882
4099,2258
2005,1045
2143,920
4470,1971
269,1530
954,2107
1875,1712
429,733
2536,1150
1114,1679
3583,709
3188,1399
1418,1949
1531,1887
3164,1700
4835,1929
2895,1812
3766,1383
2085,1678
2996,352
4465,1975
2105,1376
179,475
1120,1776
881,1440
4015,1481
953,480
1006,1322
1969,795
124,677
3000,2200
3212,869
3816,2190
4844,353
4593,1763
4581,413
1954,894
1971,1086
1586,112
4792,81
4652,339
3107,929
2362,799
800,1045
4326,1208
3157,648
4393,1198
2310,2244
546,847
806,98
1540,2
1324,1979
2338,1604
4626,497
1959,1576
4055,2238
1710,1820
668,1886
206,522
3319,1241
403,541
3447,706
3528,1307
4456,1705
526,2342
3046,586
3084,356
4432,556
2981,431
3098,1351
969,163
1854,50
3791,1056
1318,1668
3953,2301
3688,1688
4441,2285
3324,1861
929,1441
3102,396
2542,1969
422,1103
926,2224
3647,2224
3864,2043
1503,2303
4461,1063
1659,1988
992,1574
3471,17
3231,1331
2945,1059
1361,441
1593,643
2624,1653
4556,1791
2849,1786
1784,120
2831,836
2974,2183
1245,213
661,1672
61,563
3120,587
787,456
1115,994
2425,1544
4772,1674
4156,2141
4683,2287
3589,1766
4740,883
240,1714
4399,675
2771,1799
2271,1693
4650,479
3204,1281
1540,2020
1793,729
3535,2045
2081,1704
3352,302
3044,1046
2965,2288
755,1987
2319,161
3354,127
479,1180
1768,919
1024,2062
4208,504
310,567
3564,310
3994,772
841,188
4152,1578
365,1484
2208,1404
3638,977
157,313
4086,76
2412,974
957,300
4837,1409
4846,2215
602,69
2046,32
132,623
200,711
1210,152
1391,286
2155,867
2317,1975
4739,58
3341,40
2483,153
1494,1469
89,982
752,1394
1065,1608
4309,1079
3861,385
4400,1646
3042,35
2753,1592
4796,1461
723,1816
527,654
1944,1358
2727,1512
4702,2096
3814,1087
934,265
1212,1445
3897,2091
4331,1382
776,2215
174,1126
4427,1858
2858,1029
4781,1164
4627,2334
2652,805
279,509
2479,1322
4479,1156
2339,261
1282,1198
1107,1668
75,1159
968,2059
4402,1876
3681,953
3012,2306
342,1505
2313,1801
1709,497
2321,2033
3550,2281
213,340
770,1380
1814,1606
2345,777
3329,2079
441,2363
3679,395
2798,2351
1959,1466
3628,999
2067,1870
925,477
935,1155
3950,192
4548,2300
1018,1319
1782,805
1177,1346
3091,2053
4083,236
3641,1585
3821,2321
2037,644
1241,2227
3700,784
3840,735
4383,2130
2789,638
1583,411
4565,707
2814,1541
1444,182
3907,744
1030,2095
145,1410
4004,1811
1195,2372
2989,2097
176,2285
4719,1350
3640,1727
4331,490
4021,1782
612,2116
2654,1494
3726,363
2173,819
3772,518
1583,2190
1424,598
662,139
1888,809
1458,1069
1662,283
848,297
3265,473
2973,1842
1891,473
173,1791
110,1878
4172,1603
1638,1870
3743,1406
618,133
4575,371
4336,1854
3083,1146
3465,669
3115,203
789,1300
393,210
1875,1135
3714,1632
2685,1721
3726,2166
187,1557
4569,2082
109,899
485,417
3783,2242
4656,999
671,112
686,1072
3317,1
1757,142
4120,354
990,247
3587,1406
224,102
25,1549
4202,2164
1023,1080
1460,2253
3303,1541
3182,2082
4356,1478
4189,389
4613,233
533,1137
2711,1144
1934,842
784,1913
915,475
3080,462
874,1897
4400,30
1620,2112
2603,454
2861,270
3072,1232
2876,611
1169,1004
3660,369
357,1050
418,1697
345,181
3515,641
265,1374
3616,1166
1787,709
3586,1628
1668,885
1855,1792
2549,1826
2202,1640
3696,2374
1654,1483
3647,1251
2617,467
1245,48
1297,560
4728,1709
1959,1138
1850,1667
2512,302
2766,1380
4089,2379
2718,1524
381,1625
2030,784
3381,291
3290,1549
4446,2218
1956,1525
331,1682
2818,1113
3963,113
3029,2000
2162,1473
995,1248
1457,721
2238,1136
2939,759
2560,901
4496,952
3414,516
3756,2267
244,99
3529,1974
2640,2330
3228,1986
4468,437
4467,564
3000,1344
3683,2274
1717,2352
2844,1827
143,1586
1913,938
4126,309
1261,96
3494,835
3215,490
3660,1509
3380,175
547,335
21,61
4513,2270
1374,856
3432,295
102,937
4181,267
2061,2120
1745,362
3972,2034
1317,146
1748,692
2726,362
2175,1869
2111,376
4658,1663
788,207
252,1227
3552,93
4105,1427
286,2183
2409,609
1455,74
4483,389
459,407
2253,2347
2585,1690
4359,419
1816,442
3666,1712
2189,1038
2688,922
3789,1889
735,116
4303,2150
912,1733
2360,1176
3465,771
2705,1382
660,2077
1784,791
1193,2299
908,2330
827,1969
3727,1774
654,1265
2698,1143
4402,638
4706,1223
1609,505
2214,109
4408,456
2692,1196
2465,1209
4811,374
3260,266
4226,590
3564,67
3623,7
1274,2015
1815,793
4168,1280
3839,2005
4643,456
1256,1379
173,2074
3942,747
3148,791
4857,1644
623,2343
2877,936
3673,1242
3229,423
1879,1592
4724,463
2813,1756
4752,2150
1302,1500
4768,2149
3407,2241
2126,167
3535,608
61,491
3032,1243
816,871
260,356
2017,2118
3837,612
2282,1391
3167,469
2054,1129
3985,2322
296,1567
4318,1730
1499,2368
4715,1312
2546,393
592,2321
2167,1434
2944,1864
2738,1967
1969,2225
404,23
1063,56
4408,41
1409,666
399,1919
1302,892
4463,2260
2000,1211
3002,790
1186,2131
723,1035
2608,1271
496,831
3025,790
1881,878
1624,1382
4091,2080
4430,2008
748,472
4545,1387
860,2020
1698,1907
1782,1361
2647,1848
2941,813
2169,1876
2332,2382
1926,1895
4426,1496
4385,1250
36,1642
210,1231
2186,1471
2600,503
3863,1089
1382,43
3158,560
2604,2145
1375,2250
4433,1210
1974,1920
2490,1156
116,466
4413,2095
2550,403
3661,1162
3160,1000
3612,2010
657,1413
566,1828
3793,1022
4146,424
2505,40
4363,1184
1526,1476
4629,1652
4858,397
1042,928
840,80
2019,2017
518,2153
739,443
109,1622
4350,431
3807,2221
3627,112
3553,527
3300,1998
401,673
2631,958
4197,233
2090,607
3109,470
1630,707
2587,2071
382,22
529,1448
1838,2213
836,399
220,2239
3571,256
4300,1552
494,130
4182,239
3326,1086
4511,1997
2347,1882
4010,1578
3773,124
793,1987
774,1401
4566,875
1715,923
3135,1207
3221,2231
3676,1943
1526,247
887,507
2947,2328
7,759
2243,2313
4760,2305
2773,2363
2019,992
3378,1457
2953,1499
4818,773
4514,2131
2003,2052
1331,2252
894,2213
108,2231
3570,2221
2492,956
816,1614
4674,2082
2328,55
4066,1738
2637,1683
1346,2177
3680,113
1399,752
2576,2332
254,343
528,1072
3183,107
3250,752
561,2174
4602,1491
677,656
467,757
3955,1636
4183,1407
1188,2096
13,1532
100,1593
1127,1432
1882,927
3926,2206
1878,930
2253,2291
1014,1937
4109,365
3799,763
3290,2321
1109,1581
1542,228
3876,1035
4196,1823
3025,1509
439,1942
4626,2253
819,598
1119,1816
925,2112
1741,455
4780,371
3001,1259
716,768
3166,2208
4700,573
2425,253
264,246
18,2234
2973,1155
4530,1276
4643,1573
1560,99
3289,2006
789,1605
4249,2343
3508,1003
1144,994
4188,387
4496,1506
2967,2322
2580,1061
4121,183
1331,422
3929,1693
4352,545
3025,1266
1430,1406
3954,642
2687,974
1561,852
3771,405
199,678
3766,1685
3797,1063
1314,1917
744,1616
4153,515
459,2165
2198,1382
2913,1390
1447,1170
3858,178
1440,1699
4306,2303
808,628
3388,1497
1287,1902
1995,2104
1890,1347
72,2271
1692,247
2132,1502
4320,321
220,1839
486,726
4277,1301
4383,1757
2382,1760
1156,1321
3027,54
134,2152
4674,797
1607,584
2556,2057
1110,404
4037,1772
4683,1916
2665,453
2711,1271
797,280
3602,235
403,2040
4233,1943
171,1281
2531,228
3650,1042
3220,1571
250,860
1705,1571
2035,104
1483,2322
2285,290
4382,1209
1408,210
1045,1791
348,1802
387,2167
1256,364
2700,2051
3767,2206
2272,334
1689,1077
199,1039
1240,797
886,808
171,2110
187,1356
4456,1461
135,1357
33,1900
1346,567
4213,875
3930,2136
3493,696
1592,708
1027,2177
2394,2313
4238,109
3603,2052
4764,1876
242,435
549,1852
1357,726
695,929
1086,14
4266,887
1791,101
905,313
3018,1316
4153,2314
3834,1709
4529,951
3421,1307
1513,1874
897,762
690,39
209,501
3136,1720
407,662
802,1353
1714,112
336,1594
4800,534
2265,1567
4320,299
2401,432
4544,1478
3506,504
3974,1037
1832,2126
1777,1319
1807,2353
2186,710
275,2022
1276,869
1478,22
3785,1614
877,2072
214,1192
2426,1846
1654,2291
4711,2122
1777,1233
60,1847
147,1005
4040,1619
1525,2164
716,2015
3070,912
671,1306
2186,1074
604,2235
3244,1828
4020,2182
2267,1980
4169,451
3720,978
3366,1016
4089,611
3862,294
3177,1102
2070,1398
3709,336
1406,2226
4619,161
3090,1201
917,1009
991,1914
2459,2290
1652,1687
3382,1016
1414,829
143,1591
3968,1389
4583,951
1538,1873
4291,989
3450,1731
495,2260
451,518
1654,2257
1918,65
3911,2259
3875,1412
1748,570
3531,1101
3341,1849
2769,2248
3429,498
4023,100
3603,1764
396,1743
602,1466
3089,852
3005,136
377,2182
3275,747
2128,428
2415,51
3810,2294
4450,1356
450,191
4064,154
4531,1949
3745,2223
4451,1304
796,1471
101,2356
677,853
1866,16
2270,1580
208,870
234,2342
2610,1954
912,2264
3954,465
2584,844
4548,430
275,716
4165,2167
3269,816
4464,145
3402,730
2839,518
2851,820
512,1532
4565,2246
1902,1425
2888,1365
762,1276
332,526
3210,2353
63,949
3874,1678
1310,2333
1777,1684
1897,2034
68,1957
290,1776
216,1647
827,1074
3527,110