movie_id,genre_id
0,15
1,1
2,0
3,16
4,0
5,3
6,3
7,1
8,15
9,4
10,15
11,15
12,16
13,8
14,1
15,0
16,6
17,15
18,0
19,16
20,0
21,16
22,16
23,3
24,15
25,8
26,0
27,3
28,16
29,16
30,3
31,0
32,16
33,2
34,16
35,16
36,15
37,16
38,16
39,16
40,0
41,4
42,16
43,0
44,8
45,16
46,4
47,1
48,0
49,1
50,16
51,0
52,0
53,15
54,1
55,16
56,8
57,8
58,0
59,15
60,3
61,15
62,3
63,15
64,15
65,16
66,8
67,0
68,1
69,3
70,4
71,8
72,4
73,1
74,0
75,0
76,16
77,8
78,8
79,15
80,4
81,15
82,0
83,16
84,16
85,10
86,8
87,15
88,16
89,0
90,16
91,16
92,16
93,15
94,8
95,16
96,0
97,1
98,0
99,15
100,16
101,16
102,1
103,16
104,15
105,1
106,15
107,0
108,16
109,0
110,8
111,0
112,5
113,0
114,16
115,8
116,0
117,0
118,1
119,15
120,3
121,16
122,2
123,16
124,15
125,0
126,16
127,1
128,15
129,15
130,8
131,0
132,8
133,16
134,16
135,16
136,15
137,16
138,16
139,16
140,15
141,16
142,8
143,4
144,0
145,0
146,15
147,16
148,15
149,16
150,16
151,16
152,16
153,16
154,0
155,16
156,15
157,4
158,16
159,16
160,16
161,15
162,0
163,16
164,15
165,0
166,16
167,15
168,0
169,0
170,16
171,15
172,16
173,16
174,4
175,16
176,15
177,4
178,4
179,0
180,1
181,16
182,16
183,15
184,8
185,15
186,0
187,1
188,0
189,15
190,0
191,16
192,4
193,8
194,16
195,0
196,16
197,0
198,15
199,0
200,3
201,15
202,15
203,15
204,16
205,15
206,4
207,0
208,16
209,0
210,0
211,16
212,0
213,16
214,1
215,16
216,15
217,15
218,0
219,16
220,1
221,8
222,16
223,0
224,16
225,4
226,15
227,3
228,16
229,8
230,0
231,16
232,15
233,3
234,15
235,16
236,15
237,15
238,0
239,0
240,0
241,0
242,0
243,4
244,16
245,0
246,4
247,8
248,0
249,0
250,1
251,16
252,16
253,0
254,0
255,16
256,15
257,16
258,15
259,2
260,16
261,0
262,1
263,0
264,0
265,0
266,1
267,4
268,10
269,16
270,0
271,1
272,0
273,0
274,1
275,16
276,1
277,1
278,1
279,15
280,15
281,16
282,16
283,15
284,16
285,16
286,16
287,16
288,15
289,16
290,16
291,16
292,0
293,15
294,1
295,15
296,8
297,4
298,16
299,0
300,15
301,15
302,15
303,16
304,16
305,16
306,16
307,16
308,16
309,16
310,15
311,15
312,15
313,15
314,15
315,15
316,16
317,15
318,16
319,1
320,1
321,16
322,16
323,0
324,1
325,16
326,15
327,15
328,15
329,16
330,0
331,4
332,15
333,0
334,15
335,0
336,1
337,15
338,6
339,1
340,1
341,0
342,16
343,0
344,16
345,15
346,8
347,0
348,1
349,3
350,8
351,1
352,1
353,16
354,8
355,16
356,16
357,0
358,0
359,16
360,15
361,15
362,0
363,1
364,0
365,0
366,16
367,1
368,0
369,16
370,15
371,8
372,15
373,16
374,16
375,15
376,16
377,0
378,0
379,0
380,0
381,0
382,3
383,16
384,15
385,16
386,16
387,1
388,16
389,13
390,15
391,0
392,16
393,1
394,4
395,15
396,16
397,15
398,1
399,0
400,16
401,16
402,1
403,15
404,3
405,16
406,15
407,15
408,15
409,16
410,16
411,3
412,16
413,0
414,0
415,1
416,0
417,0
418,0
419,16
420,15
421,15
422,4
423,0
424,15
425,16
426,1
427,0
428,4
429,15
430,0
431,0
432,16
433,4
434,0
435,15
436,15
437,15
438,1
439,0
440,16
441,16
442,8
443,16
444,16
445,16
446,16
447,16
448,0
449,8
450,3
451,16
452,15
453,0
454,15
455,2
456,16
457,16
458,16
459,4
460,16
461,16
462,15
463,1
464,16
465,0
466,16
467,8
468,0
469,8
470,15
471,16
472,8
473,0
474,16
475,0
476,0
477,16
478,16
479,16
480,16
481,16
482,15
483,0
484,16
485,4
486,0
487,15
488,15
489,16
490,16
491,16
492,16
493,15
494,0
495,16
496,4
497,1
498,0
499,16
500,16
501,16
502,16
503,4
504,0
505,5
506,15
507,1
508,16
509,15
510,0
511,15
512,1
513,4
514,1
515,0
516,0
517,15
518,8
519,0
520,0
521,16
522,15
523,0
524,4
525,8
526,16
527,1
528,4
529,3
530,6
531,16
532,16
533,0
534,0
535,16
536,0
537,0
538,3
539,16
540,3
541,0
542,8
543,15
544,16
545,16
546,6
547,8
548,16
549,16
550,16
551,16
552,16
553,8
554,4
555,16
556,6
557,16
558,16
559,0
560,0
561,16
562,16
563,16
564,0
565,4
566,4
567,3
568,16
569,4
570,16
571,0
572,15
573,15
574,4
575,16
576,16
577,16
578,16
579,15
580,0
581,16
582,4
583,16
584,13
585,0
586,0
587,0
588,8
589,0
590,15
591,0
592,4
593,16
594,15
595,15
596,15
597,0
598,16
599,15
600,4
601,4
602,15
603,16
604,16
605,16
606,8
607,15
608,16
609,8
610,15
611,16
612,0
613,16
614,16
615,15
616,0
617,0
618,0
619,16
620,16
621,2
622,16
623,4
624,6
625,16
626,16
627,16
628,16
629,2
630,0
631,16
632,0
633,15
634,16
635,2
636,0
637,4
638,16
639,16
640,15
641,16
642,1
643,15
644,8
645,16
646,0
647,8
648,15
649,1
650,1
651,0
652,16
653,0
654,16
655,8
656,4
657,0
658,16
659,3
660,15
661,16
662,4
663,16
664,16
665,16
666,16
667,16
668,16
669,16
670,6
671,0
672,15
673,0
674,3
675,0
676,15
677,0
678,6
679,3
680,1
681,16
682,4
683,16
684,15
685,1
686,16
687,15
688,4
689,3
690,4
691,16
692,16
693,16
694,15
695,16
696,16
697,8
698,15
699,4
700,4
701,16
702,16
703,16
704,16
705,0
706,4
707,15
708,16
709,15
710,0
711,0
712,0
713,1
714,15
715,16
716,2
717,1
718,1
719,16
720,1
721,16
722,1
723,0
724,15
725,16
726,16
727,6
728,0
729,3
730,3
731,16
732,0
733,16
734,16
735,0
736,16
737,0
738,0
739,0
740,3
741,16
742,16
743,16
744,0
745,16
746,2
747,15
748,1
749,8
750,0
751,1
752,15
753,4
754,6
755,8
756,4
757,16
758,15
759,0
760,1
761,15
762,16
763,3
764,16
765,16
766,0
767,16
768,0
769,15
770,16
771,16
772,16
773,16
774,0
775,0
776,4
777,16
778,0
779,0
780,3
781,8
782,16
783,16
784,3
785,4
786,8
787,16
788,0
789,0
790,0
791,16
792,15
793,15
794,0
795,16
796,16
797,0
798,15
799,15
800,15
801,15
802,16
803,4
804,4
805,15
806,16
807,0
808,3
809,16
810,16
811,3
812,4
813,0
814,16
815,16
816,15
817,1
818,16
819,0
820,15
821,0
822,16
823,0
824,15
825,0
826,3
827,16
828,0
829,0
830,15
831,1
832,0
833,4
834,16
835,9
836,16
837,0
838,4
839,16
840,15
841,0
842,0
843,0
844,16
845,8
846,16
847,16
848,15
849,0
850,0
851,4
852,16
853,16
854,16
855,0
856,13
857,16
858,3
859,0
860,15
861,1
862,0
863,8
864,3
865,0
866,0
867,0
868,0
869,15
870,0
871,16
872,0
873,0
874,3
875,1
876,0
877,15
878,15
879,16
880,0
881,16
882,16
883,15
884,16
885,16
886,16
887,15
888,15
889,16
890,1
891,15
892,0
893,16
894,15
895,4
896,16
897,0
898,16
899,0
900,1
901,15
902,16
903,16
904,3
905,15
906,15
907,1
908,16
909,16
910,3
911,0
912,0
913,16
914,16
915,0
916,0
917,15
918,16
919,16
920,15
921,16
922,4
923,16
924,0
925,0
926,4
927,1
928,4
929,4
930,16
931,1
932,15
933,3
934,2
935,15
936,15
937,0
938,16
939,0
940,1
941,16
942,16
943,16
944,16
945,15
946,1
947,0
948,0
949,15
950,0
951,16
952,15
953,0
954,16
955,0
956,16
957,15
958,0
959,16
960,15
961,3
962,16
963,6
964,16
965,0
966,0
967,15
968,0
969,15
970,16
971,0
972,16
973,0
974,0
975,16
976,4
977,15
978,16
979,16
980,4
981,4
982,16
983,16
984,2
985,16
986,16
987,1
988,16
989,16
990,4
991,0
992,0
993,15
994,16
995,16
996,15
997,8
998,16
999,15
1000,16
1001,16
1002,1
1003,15
1004,15
1005,16
1006,16
1007,15
1008,15
1009,15
1010,16
1011,15
1012,15
1013,15
1014,16
1015,9
1016,16
1017,16
1018,15
1019,0
1020,15
1021,1
1022,16
1023,0
1024,16
1025,16
1026,16
1027,16
1028,0
1029,0
1030,15
1031,4
1032,16
1033,9
1034,0
1035,15
1036,16
1037,9
1038,4
1039,15
1040,16
1041,0
1042,8
1043,15
1044,15
1045,16
1046,0
1047,15
1048,0
1049,16
1050,2
1051,16
1052,0
1053,16
1054,1
1055,15
1056,0
1057,0
1058,15
1059,4
1060,16
1061,15
1062,15
1063,16
1064,0
1065,3
1066,3
1067,1
1068,15
1069,15
1070,3
1071,0
1072,16
1073,15
1074,16
1075,16
1076,16
1077,0
1078,15
1079,6
1080,4
1081,16
1082,16
1083,3
1084,0
1085,15
1086,0
1087,8
1088,1
1089,16
1090,0
1091,16
1092,16
1093,15
1094,16
1095,4
1096,3
1097,0
1098,1
1099,1
1100,15
1101,16
1102,15
1103,4
1104,0
1105,0
1106,4
1107,3
1108,15
1109,1
1110,4
1111,0
1112,0
1113,16
1114,16
1115,0
1116,16
1117,15
1118,0
1119,16
1120,0
1121,0
1122,16
1123,16
1124,16
1125,0
1126,4
1127,16
1128,15
1129,15
1130,15
1131,1
1132,3
1133,16
1134,1
1135,15
1136,0
1137,0
1138,4
1139,16
1140,16
1141,16
1142,4
1143,16
1144,0
1145,16
1146,3
1147,0
1148,0
1149,16
1150,3
1151,4
1152,16
1153,1
1154,15
1155,16
1156,4
1157,16
1158,0
1159,0
1160,4
1161,15
1162,16
1163,16
1164,15
1165,0
1166,15
1167,2
1168,3
1169,3
1170,16
1171,15
1172,0
1173,15
1174,4
1175,0
1176,15
1177,0
1178,15
1179,0
1180,1
1181,16
1182,4
1183,15
1184,3
1185,16
1186,16
1187,15
1188,0
1189,3
1190,16
1191,4
1192,4
1193,3
1194,16
1195,16
1196,0
1197,8
1198,3
1199,6
1200,16
1201,15
1202,4
1203,6
1204,15
1205,0
1206,4
1207,0
1208,16
1209,0
1210,8
1211,1
1212,15
1213,15
1214,0
1215,15
1216,15
1217,15
1218,16
1219,15
1220,16
1221,15
1222,0
1223,0
1224,3
1225,0
1226,15
1227,16
1228,4
1229,0
1230,8
1231,15
1232,16
1233,16
1234,1
1235,16
1236,15
1237,8
1238,0
1239,4
1240,0
1241,16
1242,16
1243,0
1244,16
1245,0
1246,15
1247,16
1248,0
1249,16
1250,15
1251,4
1252,15
1253,3
1254,1
1255,16
1256,16
1257,4
1258,4
1259,16
1260,15
1261,16
1262,15
1263,16
1264,16
1265,0
1266,16
1267,5
1268,16
1269,16
1270,15
1271,4
1272,15
1273,0
1274,0
1275,2
1276,0
1277,0
1278,0
1279,15
1280,0
1281,0
1282,16
1283,16
1284,16
1285,15
1286,0
1287,0
1288,16
1289,3
1290,16
1291,0
1292,1
1293,4
1294,16
1295,3
1296,0
1297,15
1298,16
1299,15
1300,16
1301,0
1302,16
1303,16
1304,16
1305,16
1306,6
1307,1
1308,1
1309,16
1310,0
1311,0
1312,1
1313,16
1314,4
1315,16
1316,16
1317,4
1318,15
1319,15
1320,16
1321,1
1322,0
1323,16
1324,0
1325,4
1326,16
1327,0
1328,0
1329,15
1330,3
1331,0
1332,16
1333,15
1334,16
1335,0
1336,0
1337,16
1338,16
1339,15
1340,2
1341,15
1342,16
1343,3
1344,3
1345,3
1346,15
1347,16
1348,16
1349,0
1350,16
1351,16
1352,16
1353,16
1354,15
1355,2
1356,16
1357,15
1358,0
1359,16
1360,16
1361,4
1362,16
1363,0
1364,16
1365,1
1366,0
1367,0
1368,16
1369,0
1370,1
1371,16
1372,16
1373,16
1374,16
1375,0
1376,16
1377,16
1378,16
1379,4
1380,4
1381,16
1382,3
1383,16
1384,15
1385,16
1386,0
1387,0
1388,2
1389,0
1390,15
1391,3
1392,16
1393,16
1394,16
1395,16
1396,4
1397,16
1398,16
1399,16
1400,15
1401,15
1402,3
1403,4
1404,16
1405,4
1406,3
1407,1
1408,4
1409,1
1410,4
1411,0
1412,0
1413,15
1414,2
1415,0
1416,16
1417,9
1418,15
1419,15
1420,15
1421,16
1422,15
1423,3
1424,0
1425,16
1426,0
1427,0
1428,0
1429,0
1430,16
1431,4
1432,16
1433,16
1434,0
1435,2
1436,2
1437,0
1438,16
1439,16
1440,16
1441,16
1442,1
1443,16
1444,4
1445,16
1446,15
1447,0
1448,0
1449,0
1450,15
1451,15
1452,15
1453,16
1454,0
1455,4
1456,15
1457,0
1458,1
1459,0
1460,8
1461,16
1462,0
1463,16
1464,16
1465,1
1466,0
1467,16
1468,16
1469,15
1470,0
1471,16
1472,0
1473,0
1474,16
1475,16
1476,1
1477,8
1478,0
1479,16
1480,4
1481,0
1482,8
1483,15
1484,3
1485,15
1486,16
1487,2
1488,3
1489,8
1490,0
1491,1
1492,4
1493,16
1494,15
1495,0
1496,15
1497,16
1498,8
1499,16
1500,15
1501,15
1502,4
1503,16
1504,4
1505,15
1506,16
1507,1
1508,16
1509,3
1510,15
1511,16
1512,15
1513,16
1514,16
1515,8
1516,16
1517,16
1518,4
1519,2
1520,16
1521,15
1522,15
1523,15
1524,16
1525,16
1526,16
1527,3
1528,15
1529,4
1530,16
1531,0
1532,1
1533,0
1534,15
1535,2
1536,0
1537,15
1538,8
1539,4
1540,0
1541,16
1542,15
1543,0
1544,16
1545,1
1546,15
1547,16
1548,0
1549,4
1550,15
1551,4
1552,16
1553,15
1554,0
1555,15
1556,16
1557,15
1558,15
1559,16
1560,16
1561,8
1562,16
1563,2
1564,16
1565,0
1566,0
1567,16
1568,0
1569,16
1570,16
1571,6
1572,4
1573,16
1574,15
1575,1
1576,0
1577,16
1578,0
1579,2
1580,0
1581,0
1582,16
1583,1
1584,0
1585,16
1586,0
1587,4
1588,15
1589,4
1590,16
1591,16
1592,0
1593,0
1594,0
1595,1
1596,16
1597,15
1598,0
1599,4
1600,16
1601,16
1602,16
1603,16
1604,16
1605,4
1606,1
1607,16
1608,3
1609,0
1610,16
1611,15
1612,15
1613,16
1614,1
1615,3
1616,0
1617,15
1618,16
1619,16
1620,3
1621,0
1622,4
1623,4
1624,15
1625,0
1626,16
1627,16
1628,15
1629,0
1630,15
1631,4
1632,16
1633,1
1634,15
1635,16
1636,15
1637,16
1638,16
1639,0
1640,16
1641,4
1642,4
1643,16
1644,16
1645,3
1646,16
1647,16
1648,16
1649,1
1650,15
1651,16
1652,1
1653,16
1654,15
1655,15
1656,3
1657,4
1658,16
1659,1
1660,4
1661,16
1662,16
1663,16
1664,16
1665,3
1666,3
1667,4
1668,0
1669,15
1670,15
1671,16
1672,15
1673,15
1674,15
1675,0
1676,1
1677,15
1678,15
1679,0
1680,0
1681,4
1682,4
1683,15
1684,0
1685,0
1686,0
1687,0
1688,8
1689,2
1690,0
1691,0
1692,2
1693,8
1694,0
1695,16
1696,15
1697,4
1698,8
1699,0
1700,15
1701,16
1702,3
1703,0
1704,2
1705,16
1706,4
1707,16
1708,0
1709,16
1710,0
1711,0
1712,0
1713,0
1714,9
1715,16
1716,16
1717,1
1718,4
1719,16
1720,16
1721,4
1722,0
1723,4
1724,0
1725,0
1726,4
1727,0
1728,3
1729,0
1730,8
1731,16
1732,0
1733,16
1734,3
1735,1
1736,0
1737,0
1738,16
1739,16
1740,15
1741,15
1742,0
1743,16
1744,15
1745,15
1746,8
1747,1
1748,16
1749,0
1750,16
1751,16
1752,3
1753,15
1754,0
1755,15
1756,16
1757,4
1758,0
1759,0
1760,0
1761,15
1762,3
1763,4
1764,15
1765,16
1766,0
1767,0
1768,4
1769,15
1770,4
1771,16
1772,16
1773,16
1774,4
1775,15
1776,15
1777,15
1778,16
1779,15
1780,0
1781,15
1782,3
1783,2
1784,0
1785,15
1786,15
1787,1
1788,16
1789,15
1790,16
1791,16
1792,15
1793,16
1794,16
1795,16
1796,16
1797,16
1798,16
1799,1
1800,16
1801,0
1802,16
1803,0
1804,15
1805,15
1806,16
1807,16
1808,15
1809,4
1810,16
1811,15
1812,15
1813,0
1814,16
1815,0
1816,4
1817,1
1818,4
1819,0
1820,16
1821,15
1822,0
1823,1
1824,0
1825,16
1826,2
1827,16
1828,2
1829,15
1830,16
1831,16
1832,0
1833,4
1834,6
1835,16
1836,0
1837,0
1838,4
1839,2
1840,16
1841,16
1842,16
1843,0
1844,0
1845,0
1846,15
1847,8
1848,0
1849,0
1850,0
1851,15
1852,15
1853,16
1854,3
1855,0
1856,0
1857,0
1858,0
1859,0
1860,3
1861,0
1862,15
1863,15
1864,16
1865,16
1866,8
1867,8
1868,0
1869,4
1870,16
1871,15
1872,2
1873,4
1874,0
1875,15
1876,4
1877,4
1878,15
1879,8
1880,0
1881,16
1882,0
1883,16
1884,3
1885,15
1886,16
1887,0
1888,16
1889,16
1890,4
1891,16
1892,0
1893,16
1894,16
1895,16
1896,16
1897,0
1898,0
1899,3
1900,15
1901,0
1902,16
1903,4
1904,1
1905,16
1906,2
1907,16
1908,0
1909,16
1910,15
1911,16
1912,16
1913,16
1914,16
1915,1
1916,15
1917,15
1918,16
1919,16
1920,0
1921,0
1922,15
1923,16
1924,3
1925,16
1926,15
1927,0
1928,4
1929,8
1930,15
1931,0
1932,1
1933,16
1934,4
1935,1
1936,15
1937,16
1938,16
1939,3
1940,4
1941,16
1942,15
1943,16
1944,16
1945,16
1946,16
1947,15
1948,4
1949,15
1950,0
1951,16
1952,4
1953,15
1954,0
1955,16
1956,15
1957,0
1958,16
1959,1
1960,16
1961,15
1962,8
1963,15
1964,15
1965,3
1966,1
1967,0
1968,0
1969,16
1970,16
1971,6
1972,0
1973,2
1974,1
1975,16
1976,2
1977,0
1978,0
1979,16
1980,9
1981,4
1982,3
1983,16
1984,16
1985,0
1986,16
1987,4
1988,4
1989,16
1990,16
1991,16
1992,4
1993,15
1994,15
1995,4
1996,15
1997,3
1998,6
1999,8
2000,15
2001,15
2002,0
2003,16
2004,0
2005,2
2006,3
2007,16
2008,16
2009,16
2010,4
2011,1
2012,15
2013,1
2014,0
2015,16
2016,8
2017,16
2018,16
2019,9
2020,0
2021,0
2022,3
2023,15
2024,16
2025,4
2026,8
2027,16
2028,16
2029,16
2030,15
2031,16
2032,16
2033,16
2034,16
2035,4
2036,15
2037,16
2038,15
2039,3
2040,0
2041,15
2042,16
2043,16
2044,16
2045,15
2046,16
2047,16
2048,15
2049,16
2050,8
2051,15
2052,1
2053,15
2054,16
2055,16
2056,16
2057,1
2058,3
2059,15
2060,16
2061,15
2062,16
2063,15
2064,16
2065,0
2066,16
2067,2
2068,16
2069,8
2070,15
2071,16
2072,16
2073,16
2074,16
2075,16
2076,0
2077,15
2078,15
2079,16
2080,4
2081,4
2082,16
2083,4
2084,16
2085,15
2086,15
2087,0
2088,16
2089,15
2090,16
2091,15
2092,16
2093,16
2094,15
2095,3
2096,16
2097,16
2098,2
2099,15
2100,16
2101,16
2102,4
2103,1
2104,16
2105,0
2106,16
2107,15
2108,9
2109,1
2110,16
2111,0
2112,16
2113,0
2114,0
2115,0
2116,3
2117,15
2118,0
2119,16
2120,1
2121,16
2122,3
2123,0
2124,0
2125,2
2126,4
2127,8
2128,4
2129,4
2130,15
2131,2
2132,0
2133,0
2134,16
2135,16
2136,0
2137,0
2138,0
2139,8
2140,16
2141,16
2142,15
2143,15
2144,16
2145,0
2146,16
2147,2
2148,16
2149,4
2150,16
2151,15
2152,16
2153,1
2154,16
2155,16
2156,4
2157,16
2158,4
2159,16
2160,4
2161,16
2162,15
2163,0
2164,3
2165,15
2166,0
2167,16
2168,0
2169,1
2170,0
2171,0
2172,16
2173,0
2174,15
2175,15
2176,2
2177,1
2178,4
2179,0
2180,0
2181,0
2182,16
2183,3
2184,16
2185,15
2186,15
2187,1
2188,15
2189,15
2190,16
2191,15
2192,16
2193,8
2194,16
2195,16
2196,2
2197,16
2198,16
2199,4
2200,16
2201,15
2202,16
2203,16
2204,16
2205,15
2206,3
2207,0
2208,3
2209,0
2210,16
2211,0
2212,16
2213,16
2214,0
2215,16
2216,4
2217,8
2218,16
2219,16
2220,16
2221,15
2222,4
2223,16
2224,15
2225,15
2226,15
2227,16
2228,15
2229,16
2230,4
2231,4
2232,4
2233,15
2234,16
2235,15
2236,15
2237,0
2238,16
2239,4
2240,16
2241,10
2242,15
2243,2
2244,16
2245,16
2246,0
2247,10
2248,15
2249,0
2250,16
2251,16
2252,16
2253,1
2254,0
2255,0
2256,16
2257,15
2258,2
2259,2
2260,15
2261,16
2262,16
2263,4
2264,2
2265,15
2266,3
2267,0
2268,0
2269,16
2270,16
2271,4
2272,15
2273,16
2274,0
2275,3
2276,4
2277,16
2278,15
2279,6
2280,6
2281,0
2282,8
2283,1
2284,2
2285,0
2286,16
2287,16
2288,16
2289,0
2290,15
2291,16
2292,0
2293,8
2294,15
2295,16
2296,15
2297,15
2298,0
2299,3
2300,16
2301,15
2302,0
2303,15
2304,0
2305,0
2306,4
2307,15
2308,0
2309,15
2310,4
2311,3
2312,16
2313,16
2314,0
2315,0
2316,0
2317,0
2318,16
2319,1
2320,8
2321,0
2322,16
2323,0
2324,4
2325,0
2326,15
2327,2
2328,16
2329,4
2330,16
2331,16
2332,8
2333,16
2334,16
2335,4
2336,15
2337,16
2338,8
2339,15
2340,16
2341,15
2342,3
2343,15
2344,16
2345,16
2346,2
2347,4
2348,0
2349,2
2350,15
2351,0
2352,2
2353,0
2354,16
2355,0
2356,15
2357,8
2358,0
2359,15
2360,15
2361,0
2362,15
2363,16
2364,15
2365,15
2366,16
2367,0
2368,3
2369,3
2370,15
2371,15
2372,16
2373,0
2374,15
2375,16
2376,16
2377,16
2378,16
2379,16
2380,16
2381,0
2382,8
2383,1
2384,15
2385,16
2386,0
2387,1
2388,4
2389,16
2390,15
2391,4
2392,16
2393,4
2394,0
2395,16
2396,16
2397,15
2398,15
2399,0
2400,16
2401,15
2402,16
2403,15
2404,16
2405,2
2406,1
2407,15
2408,16
2409,15
2410,16
2411,0
2412,0
2413,15
2414,3
2415,1
2416,0
2417,4
2418,0
2419,3
2420,15
2421,4
2422,4
2423,8
2424,15
2425,0
2426,0
2427,16
2428,1
2429,0
2430,0
2431,0
2432,4
2433,4
2434,16
2435,16
2436,16
2437,16
2438,15
2439,2
2440,4
2441,15
2442,0
2443,2
2444,16
2445,15
2446,2
2447,16
2448,0
2449,16
2450,0
2451,0
2452,0
2453,16
2454,0
2455,0
2456,16
2457,0
2458,15
2459,8
2460,16
2461,2
2462,0
2463,3
2464,4
2465,3
2466,0
2467,0
2468,0
2469,15
2470,4
2471,15
2472,16
2473,15
2474,8
2475,16
2476,16
2477,16
2478,4
2479,16
2480,15
2481,15
2482,16
2483,16
2484,0
2485,15
2486,3
2487,15
2488,4
2489,16
2490,16
2491,0
2492,1
2493,1
2494,16
2495,0
2496,4
2497,0
2498,15
2499,15
2500,4
2501,15
2502,16
2503,16
2504,15
2505,15
2506,0
2507,0
2508,15
2509,15
2510,4
2511,16
2512,15
2513,2
2514,3
2515,15
2516,15
2517,16
2518,15
2519,16
2520,16
2521,0
2522,0
2523,0
2524,4
2525,8
2526,16
2527,15
2528,1
2529,4
2530,15
2531,4
2532,3
2533,16
2534,1
2535,0
2536,16
2537,15
2538,1
2539,15
2540,16
2541,15
2542,16
2543,16
2544,0
2545,15
2546,1
2547,16
2548,0
2549,4
2550,15
2551,4
2552,8
2553,16
2554,16
2555,15
2556,2
2557,0
2558,15
2559,16
2560,0
2561,16
2562,0
2563,15
2564,3
2565,0
2566,15
2567,15
2568,4
2569,0
2570,15
2571,4
2572,4
2573,0
2574,0
2575,0
2576,16
2577,4
2578,16
2579,4
2580,0
2581,0
2582,16
2583,2
2584,1
2585,15
2586,2
2587,0
2588,16
2589,15
2590,0
2591,0
2592,1
2593,3
2594,0
2595,0
2596,1
2597,4
2598,0
2599,0
2600,1
2601,0
2602,0
2603,0
2604,8
2605,9
2606,4
2607,1
2608,16
2609,9
2610,16
2611,16
2612,16
2613,0
2614,16
2615,0
2616,0
2617,15
2618,16
2619,4
2620,1
2621,16
2622,0
2623,16
2624,16
2625,16
2626,1
2627,16
2628,3
2629,1
2630,15
2631,0
2632,8
2633,0
2634,16
2635,16
2636,15
2637,16
2638,16
2639,8
2640,0
2641,4
2642,16
2643,0
2644,16
2645,4
2646,8
2647,0
2648,15
2649,16
2650,0
2651,16
2652,4
2653,16
2654,0
2655,0
2656,16
2657,8
2658,0
2659,0
2660,15
2661,1
2662,15
2663,0
2664,16
2665,16
2666,15
2667,16
2668,16
2669,16
2670,0
2671,0
2672,0
2673,0
2674,16
2675,0
2676,0
2677,0
2678,16
2679,3
2680,16
2681,3
2682,16
2683,15
2684,0
2685,4
2686,16
2687,1
2688,16
2689,16
2690,16
2691,16
2692,16
2693,16
2694,16
2695,15
2696,16
2697,4
2698,16
2699,16
2700,15
2701,15
2702,15
2703,8
2704,3
2705,15
2706,3
2707,16
2708,0
2709,0
2710,15
2711,15
2712,16
2713,16
2714,15
2715,16
2716,16
2717,16
2718,16
2719,16
2720,16
2721,1
2722,15
2723,15
2724,0
2725,15
2726,16
2727,0
2728,2
2729,8
2730,4
2731,3
2732,0
2733,0
2734,0
2735,2
2736,16
2737,15
2738,16
2739,15
2740,15
2741,0
2742,0
2743,16
2744,16
2745,0
2746,3
2747,16
2748,2
2749,4
2750,0
2751,0
2752,15
2753,0
2754,0
2755,16
2756,0
2757,0
2758,15
2759,15
2760,15
2761,0
2762,0
2763,15
2764,15
2765,0
2766,4
2767,1
2768,0
2769,0
2770,16
2771,0
2772,16
2773,2
2774,15
2775,16
2776,15
2777,16
2778,16
2779,2
2780,1
2781,3
2782,4
2783,0
2784,16
2785,16
2786,16
2787,4
2788,0
2789,16
2790,0
2791,16
2792,15
2793,16
2794,3
2795,0
2796,16
2797,8
2798,0
2799,16
2800,2
2801,1
2802,3
2803,4
2804,16
2805,0
2806,0
2807,3
2808,16
2809,16
2810,16
2811,0
2812,16
2813,16
2814,0
2815,4
2816,0
2817,15
2818,15
2819,0
2820,16
2821,2
2822,16
2823,16
2824,16
2825,15
2826,5
2827,0
2828,16
2829,0
2830,1
2831,16
2832,4
2833,0
2834,16
2835,15
2836,15
2837,8
2838,16
2839,16
2840,3
2841,16
2842,16
2843,16
2844,16
2845,16
2846,16
2847,16
2848,0
2849,2
2850,16
2851,0
2852,15
2853,0
2854,15
2855,3
2856,16
2857,15
2858,16
2859,15
2860,16
2861,16
2862,15
2863,15
2864,4
2865,16
2866,3
2867,0
2868,15
2869,16
2870,16
2871,16
2872,16
2873,16
2874,1
2875,16
2876,15
2877,15
2878,0
2879,1
2880,15
2881,4
2882,1
2883,0
2884,1
2885,16
2886,1
2887,0
2888,0
2889,0
2890,0
2891,1
2892,0
2893,0
2894,0
2895,0
2896,15
2897,8
2898,1
2899,2
2900,15
2901,16
2902,13
2903,8
2904,0
2905,16
2906,4
2907,3
2908,3
2909,0
2910,16
2911,15
2912,0
2913,15
2914,8
2915,16
2916,1
2917,15
2918,2
2919,0
2920,0
2921,8
2922,0
2923,15
2924,3
2925,15
2926,0
2927,0
2928,4
2929,8
2930,16
2931,16
2932,16
2933,3
2934,0
2935,0
2936,2
2937,0
2938,4
2939,3
2940,0
2941,15
2942,0
2943,0
2944,0
2945,1
2946,0
2947,16
2948,16
2949,16
2950,16
2951,0
2952,16
2953,16
2954,16
2955,3
2956,15
2957,16
2958,8
2959,16
2960,16
2961,2
2962,16
2963,0
2964,8
2965,15
2966,16
2967,1
2968,1
2969,15
2970,16
2971,16
2972,15
2973,16
2974,0
2975,16
2976,16
2977,16
2978,0
2979,15
2980,15
2981,16
2982,16
2983,0
2984,3
2985,15
2986,3
2987,2
2988,0
2989,1
2990,0
2991,1
2992,3
2993,3
2994,16
2995,15
2996,4
2997,3
2998,0
2999,4
3000,16
3001,16
3002,8
3003,4
3004,16
3005,16
3006,15
3007,15
3008,0
3009,8
3010,15
3011,16
3012,0
3013,15
3014,0
3015,4
3016,15
3017,1
3018,0
3019,15
3020,1
3021,0
3022,16
3023,16
3024,16
3025,15
3026,16
3027,16
3028,2
3029,16
3030,15
3031,16
3032,15
3033,15
3034,16
3035,16
3036,4
3037,16
3038,15
3039,2
3040,0
3041,16
3042,0
3043,15
3044,0
3045,1
3046,0
3047,16
3048,15
3049,1
3050,9
3051,3
3052,16
3053,3
3054,1
3055,15
3056,1
3057,0
3058,3
3059,4
3060,0
3061,16
3062,0
3063,16
3064,16
3065,0
3066,8
3067,15
3068,0
3069,0
3070,16
3071,16
3072,8
3073,15
3074,4
3075,4
3076,0
3077,4
3078,0
3079,16
3080,1
3081,15
3082,16
3083,4
3084,16
3085,0
3086,15
3087,0
3088,15
3089,2
3090,8
3091,16
3092,3
3093,16
3094,16
3095,1
3096,16
3097,0
3098,15
3099,16
3100,0
3101,4
3102,2
3103,15
3104,2
3105,16
3106,15
3107,16
3108,16
3109,16
3110,0
3111,2
3112,0
3113,0
3114,8
3115,2
3116,16
3117,16
3118,4
3119,0
3120,1
3121,0
3122,16
3123,15
3124,0
3125,16
3126,16
3127,0
3128,16
3129,15
3130,8
3131,2
3132,1
3133,0
3134,15
3135,2
3136,16
3137,6
3138,8
3139,4
3140,16
3141,3
3142,0
3143,16
3144,15
3145,16
3146,16
3147,0
3148,15
3149,16
3150,0
3151,3
3152,15
3153,3
3154,15
3155,2
3156,2
3157,0
3158,1
3159,0
3160,16
3161,2
3162,1
3163,15
3164,3
3165,8
3166,16
3167,16
3168,15
3169,3
3170,0
3171,0
3172,3
3173,15
3174,3
3175,15
3176,3
3177,2
3178,3
3179,15
3180,1
3181,3
3182,16
3183,8
3184,16
3185,16
3186,1
3187,16
3188,4
3189,16
3190,15
3191,15
3192,15
3193,8
3194,16
3195,0
3196,0
3197,1
3198,2
3199,15
3200,1
3201,4
3202,4
3203,4
3204,16
3205,0
3206,0
3207,1
3208,2
3209,15
3210,0
3211,3
3212,0
3213,0
3214,0
3215,0
3216,0
3217,0
3218,16
3219,8
3220,0
3221,16
3222,8
3223,16
3224,16
3225,15
3226,0
3227,16
3228,1
3229,16
3230,4
3231,8
3232,0
3233,0
3234,16
3235,4
3236,2
3237,0
3238,0
3239,15
3240,4
3241,16
3242,2
3243,0
3244,0
3245,8
3246,16
3247,0
3248,2
3249,0
3250,3
3251,16
3252,8
3253,0
3254,0
3255,8
3256,1
3257,4
3258,1
3259,15
3260,3
3261,8
3262,3
3263,4
3264,2
3265,16
3266,16
3267,0
3268,16
3269,0
3270,4
3271,2
3272,0
3273,16
3274,0
3275,8
3276,16
3277,4
3278,16
3279,15
3280,16
3281,4
3282,3
3283,4
3284,16
3285,16
3286,3
3287,4
3288,16
3289,3
3290,15
3291,0
3292,3
3293,16
3294,16
3295,2
3296,16
3297,15
3298,15
3299,16
3300,15
3301,3
3302,3
3303,0
3304,0
3305,16
3306,0
3307,15
3308,0
3309,1
3310,0
3311,3
3312,16
3313,15
3314,16
3315,15
3316,4
3317,8
3318,0
3319,4
3320,16
3321,2
3322,3
3323,16
3324,16
3325,16
3326,15
3327,16
3328,4
3329,16
3330,4
3331,0
3332,6
3333,4
3334,15
3335,16
3336,15
3337,15
3338,4
3339,15
3340,15
3341,4
3342,0
3343,1
3344,0
3345,15
3346,0
3347,15
3348,0
3349,0
3350,2
3351,0
3352,16
3353,0
3354,16
3355,0
3356,0
3357,15
3358,0
3359,15
3360,16
3361,2
3362,16
3363,15
3364,16
3365,16
3366,16
3367,15
3368,16
3369,0
3370,15
3371,3
3372,15
3373,15
3374,0
3375,15
3376,15
3377,0
3378,3
3379,0
3380,3
3381,4
3382,0
3383,0
3384,0
3385,0
3386,13
3387,2
3388,16
3389,0
3390,0
3391,0
3392,15
3393,16
3394,4
3395,16
3396,0
3397,16
3398,0
3399,0
3400,1
3401,16
3402,0
3403,16
3404,0
3405,2
3406,0
3407,4
3408,0
3409,16
3410,0
3411,15
3412,16
3413,0
3414,15
3415,16
3416,0
3417,0
3418,0
3419,15
3420,3
3421,2
3422,0
3423,16
3424,16
3425,16
3426,15
3427,16
3428,8
3429,4
3430,3
3431,2
3432,16
3433,16
3434,15
3435,1
3436,0
3437,8
3438,0
3439,16
3440,16
3441,0
3442,1
3443,0
3444,3
3445,4
3446,0
3447,16
3448,0
3449,8
3450,16
3451,15
3452,4
3453,16
3454,16
3455,8
3456,1
3457,16
3458,1
3459,1
3460,0
3461,16
3462,16
3463,4
3464,15
3465,3
3466,3
3467,1
3468,3
3469,15
3470,0
3471,0
3472,10
3473,15
3474,16
3475,4
3476,4
3477,15
3478,4
3479,4
3480,15
3481,16
3482,4
3483,3
3484,6
3485,16
3486,1
3487,2
3488,15
3489,16
3490,15
3491,2
3492,16
3493,16
3494,16
3495,3
3496,16
3497,16
3498,1
3499,0
3500,16
3501,16
3502,4
3503,16
3504,15
3505,1
3506,0
3507,0
3508,16
3509,0
3510,0
3511,16
3512,0
3513,0
3514,15
3515,4
3516,1
3517,16
3518,0
3519,0
3520,3
3521,2
3522,0
3523,2
3524,0
3525,8
3526,0
3527,16
3528,15
3529,8
3530,2
3531,0
3532,2
3533,15
3534,16
3535,3
3536,0
3537,16
3538,15
3539,0
3540,16
3541,15
3542,0
3543,15
3544,15
3545,15
3546,0
3547,0
3548,16
3549,8
3550,8
3551,4
3552,4
3553,1
3554,8
3555,0
3556,1
3557,1
3558,16
3559,16
3560,15
3561,15
3562,3
3563,16
3564,16
3565,16
3566,8
3567,0
3568,16
3569,15
3570,16
3571,0
3572,8
3573,0
3574,16
3575,8
3576,0
3577,15
3578,1
3579,16
3580,0
3581,15
3582,15
3583,2
3584,0
3585,0
3586,16
3587,0
3588,2
3589,3
3590,15
3591,15
3592,16
3593,0
3594,0
3595,16
3596,8
3597,15
3598,15
3599,15
3600,0
3601,15
3602,16
3603,16
3604,15
3605,16
3606,16
3607,3
3608,15
3609,16
3610,3
3611,4
3612,0
3613,15
3614,0
3615,16
3616,16
3617,15
3618,2
3619,0
3620,16
3621,16
3622,15
3623,8
3624,16
3625,2
3626,16
3627,16
3628,1
3629,15
3630,16
3631,16
3632,3
3633,0
3634,16
3635,0
3636,3
3637,2
3638,4
3639,16
3640,2
3641,16
3642,3
3643,16
3644,2
3645,15
3646,3
3647,16
3648,0
3649,4
3650,2
3651,4
3652,16
3653,16
3654,0
3655,1
3656,0
3657,15
3658,0
3659,3
3660,1
3661,15
3662,8
3663,0
3664,0
3665,9
3666,0
3667,16
3668,16
3669,0
3670,15
3671,4
3672,1
3673,16
3674,3
3675,0
3676,1
3677,8
3678,0
3679,8
3680,0
3681,2
3682,4
3683,15
3684,16
3685,15
3686,1
3687,2
3688,16
3689,0
3690,0
3691,1
3692,0
3693,0
3694,15
3695,0
3696,16
3697,3
3698,0
3699,0
3700,0
3701,16
3702,2
3703,0
3704,16
3705,3
3706,3
3707,2
3708,0
3709,0
3710,0
3711,3
3712,0
3713,0
3714,16
3715,0
3716,2
3717,15
3718,0
3719,15
3720,0
3721,0
3722,16
3723,15
3724,0
3725,0
3726,1
3727,0
3728,16
3729,16
3730,0
3731,0
3732,8
3733,2
3734,1
3735,4
3736,15
3737,15
3738,16
3739,16
3740,16
3741,16
3742,0
3743,0
3744,1
3745,4
3746,0
3747,0
3748,16
3749,16
3750,1
3751,15
3752,16
3753,16
3754,16
3755,16
3756,16
3757,16
3758,15
3759,16
3760,0
3761,15
3762,15
3763,0
3764,16
3765,0
3766,0
3767,4
3768,0
3769,16
3770,16
3771,16
3772,3
3773,0
3774,16
3775,0
3776,15
3777,0
3778,16
3779,0
3780,16
3781,2
3782,15
3783,1
3784,3
3785,4
3786,15
3787,15
3788,8
3789,4
3790,16
3791,16
3792,15
3793,16
3794,3
3795,16
3796,6
3797,16
3798,0
3799,15
3800,8
3801,16
3802,16
3803,4
3804,16
3805,16
3806,15
3807,2
3808,8
3809,15
3810,0
3811,0
3812,16
3813,15
3814,15
3815,16
3816,15
3817,0
3818,0
3819,1
3820,15
3821,16
3822,16
3823,3
3824,4
3825,16
3826,4
3827,0
3828,8
3829,15
3830,16
3831,16
3832,0
3833,0
3834,0
3835,2
3836,16
3837,0
3838,0
3839,15
3840,16
3841,0
3842,15
3843,8
3844,15
3845,0
3846,9
3847,15
3848,0
3849,0
3850,0
3851,0
3852,15
3853,1
3854,0
3855,2
3856,2
3857,15
3858,0
3859,0
3860,16
3861,2
3862,15
3863,0
3864,0
3865,0
3866,1
3867,16
3868,1
3869,4
3870,0
3871,16
3872,0
3873,15
3874,15
3875,10
3876,15
3877,15
3878,3
3879,0
3880,16
3881,15
3882,0
3883,16
3884,2
3885,0
3886,0
3887,0
3888,16
3889,16
3890,16
3891,16
3892,16
3893,0
3894,16
3895,16
3896,0
3897,0
3898,0
3899,8
3900,3
3901,15
3902,0
3903,3
3904,2
3905,15
3906,3
3907,16
3908,15
3909,16
3910,0
3911,16
3912,2
3913,0
3914,16
3915,0
3916,16
3917,16
3918,3
3919,15
3920,15
3921,16
3922,15
3923,2
3924,2
3925,15
3926,15
3927,3
3928,1
3929,16
3930,3
3931,0
3932,15
3933,0
3934,15
3935,6
3936,15
3937,16
3938,1
3939,16
3940,15
3941,16
3942,1
3943,2
3944,15
3945,15
3946,16
3947,0
3948,0
3949,0
3950,4
3951,0
3952,0
3953,3
3954,16
3955,16
3956,15
3957,8
3958,15
3959,2
3960,15
3961,2
3962,15
3963,15
3964,0
3965,16
3966,15
3967,0
3968,15
3969,1
3970,0
3971,0
3972,16
3973,16
3974,15
3975,1
3976,16
3977,3
3978,1
3979,15
3980,0
3981,0
3982,15
3983,0
3984,15
3985,16
3986,0
3987,15
3988,0
3989,4
3990,15
3991,16
3992,8
3993,0
3994,16
3995,3
3996,4
3997,16
3998,0
3999,0
4000,16
4001,4
4002,0
4003,16
4004,0
4005,1
4006,0
4007,0
4008,2
4009,0
4010,16
4011,16
4012,4
4013,1
4014,15
4015,0
4016,0
4017,0
4018,16
4019,16
4020,16
4021,16
4022,0
4023,16
4024,1
4025,15
4026,2
4027,15
4028,2
4029,3
4030,8
4031,16
4032,2
4033,16
4034,15
4035,3
4036,16
4037,16
4038,15
4039,0
4040,15
4041,0
4042,1
4043,1
4044,0
4045,16
4046,2
4047,8
4048,1
4049,8
4050,15
4051,16
4052,4
4053,8
4054,0
4055,0
4056,15
4057,15
4058,0
4059,8
4060,16
4061,16
4062,0
4063,15
4064,0
4065,4
4066,16
4067,2
4068,16
4069,4
4070,8
4071,15
4072,16
4073,15
4074,15
4075,0
4076,15
4077,3
4078,0
4079,16
4080,4
4081,0
4082,8
4083,16
4084,16
4085,15
4086,16
4087,0
4088,1
4089,2
4090,16
4091,16
4092,0
4093,16
4094,16
4095,16
4096,16
4097,15
4098,16
4099,15
4100,8
4101,1
4102,16
4103,3
4104,0
4105,8
4106,4
4107,0
4108,8
4109,16
4110,15
4111,16
4112,1
4113,0
4114,15
4115,15
4116,0
4117,15
4118,4
4119,1
4120,0
4121,2
4122,16
4123,4
4124,0
4125,16
4126,15
4127,0
4128,0
4129,0
4130,0
4131,3
4132,0
4133,3
4134,1
4135,0
4136,16
4137,16
4138,0
4139,0
4140,1
4141,8
4142,0
4143,15
4144,0
4145,0
4146,1
4147,0
4148,0
4149,0
4150,0
4151,16
4152,16
4153,0
4154,6
4155,0
4156,0
4157,8
4158,2
4159,15
4160,16
4161,1
4162,16
4163,15
4164,15
4165,0
4166,16
4167,15
4168,15
4169,16
4170,8
4171,4
4172,4
4173,16
4174,0
4175,0
4176,0
4177,16
4178,0
4179,16
4180,4
4181,0
4182,8
4183,16
4184,0
4185,3
4186,0
4187,0
4188,0
4189,15
4190,0
4191,3
4192,8
4193,3
4194,15
4195,16
4196,3
4197,16
4198,2
4199,15
4200,4
4201,16
4202,2
4203,1
4204,2
4205,15
4206,4
4207,0
4208,16
4209,15
4210,3
4211,16
4212,16
4213,0
4214,2
4215,16
4216,3
4217,16
4218,3
4219,15
4220,16
4221,16
4222,4
4223,16
4224,0
4225,15
4226,15
4227,15
4228,15
4229,15
4230,2
4231,3
4232,1
4233,16
4234,4
4235,4
4236,0
4237,0
4238,1
4239,0
4240,15
4241,0
4242,1
4243,15
4244,0
4245,15
4246,0
4247,4
4248,1
4249,0
4250,0
4251,1
4252,3
4253,0
4254,0
4255,0
4256,8
4257,16
4258,0
4259,4
4260,16
4261,0
4262,15
4263,0
4264,16
4265,0
4266,1
4267,0
4268,0
4269,16
4270,1
4271,8
4272,15
4273,3
4274,0
4275,0
4276,16
4277,16
4278,16
4279,16
4280,1
4281,3
4282,0
4283,0
4284,0
4285,0
4286,16
4287,16
4288,2
4289,0
4290,0
4291,0
4292,2
4293,0
4294,16
4295,2
4296,0
4297,15
4298,16
4299,16
4300,0
4301,2
4302,0
4303,0
4304,15
4305,0
4306,15
4307,0
4308,0
4309,0
4310,0
4311,15
4312,1
4313,16
4314,0
4315,4
4316,15
4317,16
4318,15
4319,16
4320,0
4321,3
4322,15
4323,3
4324,3
4325,16
4326,15
4327,16
4328,15
4329,3
4330,0
4331,16
4332,0
4333,3
4334,15
4335,15
4336,2
4337,16
4338,16
4339,16
4340,2
4341,1
4342,16
4343,13
4344,15
4345,16
4346,16
4347,3
4348,3
4349,16
4350,15
4351,16
4352,15
4353,16
4354,15
4355,15
4356,16
4357,0
4358,0
4359,15
4360,0
4361,4
4362,0
4363,15
4364,0
4365,15
4366,3
4367,0
4368,1
4369,15
4370,2
4371,0
4372,0
4373,15
4374,0
4375,16
4376,0
4377,15
4378,3
4379,0
4380,15
4381,0
4382,16
4383,0
4384,0
4385,0
4386,0
4387,0
4388,8
4389,1
4390,15
4391,15
4392,3
4393,16
4394,2
4395,3
4396,16
4397,0
4398,16
4399,0
4400,15
4401,3
4402,0
4403,3
4404,15
4405,13
4406,0
4407,0
4408,16
4409,2
4410,15
4411,15
4412,15
4413,0
4414,3
4415,3
4416,3
4417,15
4418,16
4419,0
4420,16
4421,1
4422,0
4423,16
4424,16
4425,0
4426,16
4427,3
4428,15
4429,8
4430,16
4431,0
4432,15
4433,16
4434,4
4435,16
4436,0
4437,3
4438,4
4439,16
4440,0
4441,3
4442,3
4443,0
4444,8
4445,16
4446,15
4447,15
4448,16
4449,15
4450,0
4451,4
4452,15
4453,0
4454,16
4455,0
4456,16
4457,15
4458,0
4459,3
4460,2
4461,16
4462,15
4463,2
4464,8
4465,16
4466,2
4467,0
4468,0
4469,1
4470,0
4471,16
4472,16
4473,16
4474,3
4475,15
4476,0
4477,15
4478,15
4479,0
4480,15
4481,16
4482,0
4483,0
4484,0
4485,0
4486,0
4487,8
4488,15
4489,4
4490,15
4491,0
4492,2
4493,16
4494,8
4495,15
4496,2
4497,3
4498,0
4499,15
4500,0
4501,0
4502,0
4503,0
4504,1
4505,1
4506,0
4507,0
4508,0
4509,4
4510,0
4511,0
4512,0
4513,8
4514,0
4515,15
4516,3
4517,0
4518,15
4519,1
4520,0
4521,3
4522,0
4523,0
4524,1
4525,0
4526,3
4527,2
4528,15
4529,16
4530,0
4531,0
4532,16
4533,16
4534,3
4535,0
4536,0
4537,3
4538,3
4539,15
4540,0
4541,16
4542,0
4543,2
4544,0
4545,16
4546,15
4547,8
4548,15
4549,0
4550,0
4551,0
4552,16
4553,16
4554,16
4555,1
4556,0
4557,15
4558,0
4559,0
4560,0
4561,16
4562,15
4563,0
4564,16
4565,16
4566,0
4567,16
4568,0
4569,0
4570,4
4571,0
4572,8
4573,0
4574,2
4575,16
4576,15
4577,0
4578,2
4579,16
4580,16
4581,16
4582,15
4583,15
4584,4
4585,2
4586,16
4587,0
4588,15
4589,16
4590,3
4591,3
4592,3
4593,15
4594,16
4595,15
4596,3
4597,0
4598,2
4599,3
4600,15
4601,8
4602,15
4603,3
4604,0
4605,8
4606,0
4607,0
4608,0
4609,0
4610,15
4611,0
4612,0
4613,2
4614,0
4615,2
4616,0
4617,0
4618,8
4619,15
4620,0
4621,15
4622,1
4623,5
4624,0
4625,16
4626,0
4627,4
4628,0
4629,15
4630,16
4631,15
4632,0
4633,0
4634,15
4635,0
4636,0
4637,4
4638,8
4639,15
4640,15
4641,16
4642,8
4643,0
4644,0
4645,0
4646,0
4647,2
4648,0
4649,15
4650,0
4651,4
4652,4
4653,15
4654,15
4655,3
4656,16
4657,16
4658,15
4659,2
4660,1
4661,15
4662,15
4663,15
4664,3
4665,4
4666,16
4667,1
4668,15
4669,3
4670,3
4671,15
4672,4
4673,16
4674,3
4675,15
4676,15
4677,3
4678,8
4679,15
4680,0
4681,15
4682,2
4683,1
4684,4
4685,0
4686,4
4687,0
4688,3
4689,2
4690,15
4691,16
4692,16
4693,15
4694,15
4695,3
4696,3
4697,1
4698,15
4699,16
4700,8
4701,0
4702,3
4703,0
4704,16
4705,0
4706,0
4707,0
4708,16
4709,0
4710,3
4711,0
4712,0
4713,15
4714,4
4715,1
4716,0
4717,0
4718,16
4719,0
4720,6
4721,3
4722,0
4723,15
4724,4
4725,2
4726,4
4727,3
4728,0
4729,15
4730,0
4731,0
4732,4
4733,2
4734,1
4735,4
4736,15
4737,0
4738,16
4739,16
4740,1
4741,3
4742,0
4743,2
4744,0
4745,0
4746,3
4747,0
4748,4
4749,4
4750,15
4751,0
4752,15
4753,8
4754,3
4755,15
4756,0
4757,8
4758,0
4759,3
4760,1
4761,16
4762,16
4763,3
4764,1
4765,0
4766,3
4767,3
4768,15
4769,3
4770,3
4771,3
4772,1
4773,3
4774,3
4775,1
4776,16
4777,0
4778,16
4779,16
4780,2
4781,16
4782,16
4783,3
4784,3
4785,3
4786,16
4787,15
4788,16
4789,2
4790,15
4791,16
4792,0
4793,15
4794,16
4795,0
4796,4
4797,16
4798,16
4799,0
4800,15
4801,15
4802,0
4803,0
4804,3
4805,15
4806,0
4807,0
4808,0
4809,0
4810,0
4811,15
4812,3
4813,2
4814,1
4815,16
4816,0
4817,3
4818,16
4819,0
4820,0
4821,16
4822,0
4823,0
4824,1
4825,8
4826,0
4827,15
4828,3
4829,2
4830,13
4831,16
4832,16
4833,2
4834,1
4835,0
4836,0
4837,16
4838,16
4839,16
4840,0
4841,2
4842,16
4843,2
4844,15
4845,0
4846,1
4847,4
4848,0
4849,15
4850,16
4851,15
4852,0
4853,1
4854,0
4855,0
4856,15
4857,2
4858,1
4859,1
4860,16
4216,8
3050,8
2669,0
74,16
147,10
2727,15
854,6
4202,8
3131,5
2881,15
100,14
2248,12
185,5
2567,3
4307,5
4685,9
2486,12
1348,7
2152,6
4051,14
3497,9
1246,4
4598,3
3796,15
2302,9
2785,10
3774,12
1693,2
3112,10
1797,14
3076,16
4174,4
210,12
2359,16
2719,0
1065,8
4689,1
541,10
1766,1
3005,0
4254,12
2950,10
658,2
244,14
2629,9
4370,3
3305,12
1480,16
3030,7
525,16
966,11
1418,5
382,0
2336,7
380,6
2938,1
1872,12
1009,6
1974,0
109,1
4534,9
497,5
3704,1
23,12
3499,5
4326,13
2327,13
4148,1
3553,7
4249,8
3412,15
2753,12
683,15
4182,7
2660,14
4425,8
244,5
488,6
4033,10
1991,4
2214,1
3068,1
3288,4
1441,8
1735,0
720,9
666,2
4135,15
3367,11
1513,4
1759,2
4610,4
104,4
1744,14
3164,10
1529,15
3100,2
534,4
4525,11
943,14
1216,3
3680,3
416,6
3042,3
2697,6
4689,12
3571,11
1669,8
1676,10
1927,14
4654,9
434,14
1589,9
3919,11
4057,5
3618,8
2309,7
782,2
4483,13
3298,13
1627,11
778,3
2824,1
4141,5
4057,7
3911,14
3833,6
433,13
1715,11
83,2
115,7
3728,7
479,15
90,13
4845,13
501,5
317,6
3637,6
4078,16
828,5
1632,6
85,3
556,2
1566,16
2145,10
4797,0
2936,10
4785,6
1075,13
3088,16
3224,4
3548,1
1414,13
1579,12
1103,6
2640,1
4391,10
1198,2
1826,16
4215,0
465,9
154,13
763,16
3762,13
1008,16
565,11
3751,14
3247,14
1773,12
4024,14
830,9
3139,1
2289,9
908,10
4127,12
3240,9
1110,2
3829,7
27,4
1693,4
4196,2
876,14
2261,1
3597,12
3803,13
376,0
455,10
329,5
1289,9
605,12
3797,9
1061,10
1895,12
3073,3
144,5
2442,2
1125,3
2865,10
1033,2
2250,14
2435,5
710,9
2436,10
3497,12
1760,7
223,2
4549,14
912,2
916,1
112,7
2870,4
2672,3
3112,8
4456,7
3401,9
2540,15
169,1
1045,6
2370,8
173,9
2306,7
3088,0
51,13
2314,14
1884,0
2876,7
613,3
2529,12
2245,7
1785,1
1203,0
3228,14
747,10
567,9
849,4
2803,15
1041,4
2253,7
1493,7
745,5
3720,3
2509,6
879,1
4640,2
787,12
2374,13
1386,11
452,0
2707,14
3266,11
4330,16
2172,1
2253,16
3381,11
3897,6
3010,1
3047,5
84,4
921,11
4600,13
3376,11
3250,2
2605,12
3315,12
528,8
4527,4
772,2
531,12
4737,1
3791,2
2355,16
4834,6
2244,10
3735,14
4441,16
2526,12
3743,1
2464,8
374,8
121,8
4295,16
2584,14
3630,3
823,11
1592,8
4709,15
2457,14
318,2
128,7
4839,13
2923,11
523,7
3326,11
4843,4
502,7
508,14
1000,3
188,7
4209,12
4038,7
899,12
1804,13
1551,1
4081,1
2697,15
2233,8
4713,7
1158,1
411,16
886,2
2698,13
3918,4
1358,7
4842,10
3937,13
1678,14
2238,3
469,14
2006,9
1898,16
3955,13
3017,4
1295,7
723,4
3605,6
4016,8
667,5
2646,11
613,8
1823,11
2876,6
761,6
2852,5
2250,7
2874,16
567,15
313,10
2616,8
4167,6
1949,2
2393,11
2626,0
3214,6
487,12
4612,9
1884,11
3619,1
2164,5
4754,1
2842,13
4592,4
3605,9
2587,8
2225,3
2804,5
4778,9
2750,11
1358,3
2816,9
3417,1
2699,3
1003,0
1909,5
1403,16
670,13
1892,16
2997,7
2173,10
2762,16
3628,11
4048,3
4082,7
989,10
3032,10
218,12
2196,7
1464,5
4299,8
1915,14
4111,12
4775,14
894,7
1029,11
3479,3
2827,6
2563,12
1043,3
3627,10
4600,2
4188,5
2642,13
855,10
3766,11
3824,1
3375,9
2478,7
1300,13
4099,8
4302,3
250,16
3248,7
3092,12
3381,6
4827,7
2009,14
4225,0
931,8
2324,3
1763,8
3533,9
4390,8
1446,13
298,3
2341,7
2260,8
3327,8
1596,11
3214,3
1329,8
1296,9
1763,9
2993,0
840,3
4373,13
242,11
1053,6
4754,8
512,14
1723,5
2268,11
3521,13
1139,7
3212,9
3562,8
4243,0
3048,6
1594,12
2892,6
3471,1
698,5
2203,13
2654,6
1572,6
4799,7
2909,11
4686,6
2028,15
954,5
1464,10
4371,3
4319,5
4458,14
369,2
1415,7
3259,12
3442,16
3281,1
1289,2
862,11
4384,8
2480,6
3095,0
4851,5
1129,11
4244,5
900,0
229,13
1207,9
978,9
3682,5
2507,11
748,5
2397,16
1257,2
179,9
422,12
1971,10
1069,13
4521,9
4078,4
2207,11
279,6
521,2
3091,8
3213,7
2156,10
2125,1
4486,15
4189,8
2782,5
1403,0
2371,1
3474,5
299,12
4292,12
2231,12
833,11
4714,9
2640,9
2813,11
477,2
1871,14
176,1
1143,2
141,4
831,11
4816,13
288,11
3964,13
1063,1
658,9
3594,16
596,12
1623,10
3977,11
3845,8
3763,16
4061,1
2092,7
2594,8
4291,5
385,4
3647,9
2040,7
4594,4
3548,6
1200,11
3793,7
1114,7
4525,2
1150,15
2013,13
2034,11
3572,0
1060,5
1425,15
1957,11
2455,12
2311,9
2357,4
2657,14
3106,10
3724,14
70,9
3771,6
3187,5
2598,13
2482,3
1382,0
3025,2
262,2
3879,2
3818,8
1658,4
2783,6
621,5
4300,11
4836,2
2113,10
927,11
1915,2
678,2
4466,0
2667,15
2223,11
1410,6
4171,8
3135,8
2381,13
786,15
1166,3
3354,9
3566,4
3180,4
2823,4
3221,7
3082,10
3849,12
4203,14
4067,11
2577,13
2920,8
2426,13
4821,7
1155,7
2314,1
570,6
3671,2
284,6
180,7
4795,7
2479,2
1736,3
1393,9
1639,3
1802,2
108,1
1007,14
3942,13
366,11
1693,12
3464,1
131,7
1306,3
3856,14
2955,6
4168,4
4007,12
4669,7
3676,2
1060,13
3189,7
3733,6
4478,4
3480,9
1885,3
4799,3
3417,10
2388,9
1966,10
2966,12
662,5
1245,5
3059,9
3384,5
4104,2
4344,4
1756,6
2617,6
443,10
4709,9
3767,14
401,12
1355,14
1829,14
4398,2
2702,4
682,1
4227,11
371,15
2802,12
1422,11
3164,6
1853,1
1518,12
4059,12
4153,15
286,13
4849,14
494,9
3578,4
2168,15
2359,1
4581,2
979,14
3406,2
2527,5
3934,5
2193,0
3166,15
2405,13
823,8
4841,9
755,6
1371,10
939,1
3003,7
3819,16
4734,7
1635,15
1644,4
2453,1
756,9
3864,4
2324,10
3208,3
4369,12
1436,10
3030,12
961,0
3868,13
2390,7
1162,1
3125,3
1620,4
2961,13
3166,5
2040,8
4187,14
2774,10
824,12
4493,7
287,8
2611,7
3741,13
5,4
257,9
4680,7
4146,14
720,4
3656,8
1073,2
4818,12
4575,9
1274,10
2319,9
38,14
63,0
4130,11
2212,7
691,10
760,5
209,15
2623,13
310,13
3985,12
2889,1
3617,12
4126,1
2792,6
135,3
217,16
4275,1
968,9
1634,7
3212,15
4121,0
3652,4
3842,6
1171,4
629,3
2111,16
3695,13
4432,10
3894,3
3415,1
2598,9
1534,1
1809,16
3673,9
1282,7
1117,6
1639,2
2287,13
2595,5
2568,1
3175,3
4085,1
2972,10
3484,4
3750,3
2569,10
3997,1
2891,11
4555,9
2833,10
914,13
975,14
3126,12
4170,15
833,8
4713,14
1847,0
1562,8
4266,7
19,12
2662,5
3352,2
4848,4
4600,0
49,7
4803,13
3476,12
4077,6
203,9
3238,16
2227,3
2401,1
1607,13
4284,15
3960,13
503,14
1335,5
2888,3
2611,1
2856,6
4333,13
3922,10
3561,4
2425,2
1823,8
1052,2
3509,6
3858,7
554,5
228,11
4579,4
156,1
4710,15
4485,5
479,3
1153,4
2747,13
3828,3
1399,0
1925,0
2057,4
3431,12
3729,10
927,7
379,12
582,8
1274,14
1666,13
2503,2
88,1
3082,3
2302,10
3999,6
1915,3
693,6
2893,10
795,5
379,8
2977,8
4829,15
4261,7
2465,16
4457,11
3670,9
964,3
1227,11
314,5
1686,16
1112,7
1803,3
2671,11
1370,8
3767,10
299,14
2315,3
2469,1
209,2
4488,13
2108,11
1297,8
3536,7
1287,9
158,7
3101,15
2535,12
1334,7
3396,3
1101,8
3149,14
1373,14
238,11
61,0
45,0
1870,3
3790,2
1900,14
462,14
187,10
3728,0
4828,11
264,8
2597,13
524,6
3045,4
1594,7
848,16
3677,12
1215,11
4557,10
4303,4
1058,2
1132,11
2743,1
486,14
3332,15
2535,1
2145,6
634,2
3210,15
2590,8
460,2
191,15
1589,3
2704,12
1364,8
3939,7
2450,5
4648,11
2873,14
2510,9
4047,15
1973,9
2519,13
139,10
3185,10
1151,8
2092,8
762,13
4137,8
4711,10
3004,9
3690,16
4812,6
3212,12
2081,7
3953,15
4051,6
1124,0
4483,2
930,11
1680,1
2377,5
2793,11
482,6
1690,16
4744,10
3555,1
3655,15
1040,1
3994,10
3672,0
1762,13
158,8
4095,6
2436,5
1008,14
3714,15
1272,12
1559,13
4451,16
2232,1
2079,8
3534,11
3119,8
884,14
1485,2
1941,12
1671,5
2349,0
2177,3
1539,1
2991,16
3207,0
2442,5
4509,10
98,7
1759,1
2171,3
2144,3
853,13
3210,14
2855,16
1200,8
1249,4
2173,6
2069,12
2359,4
3849,11
2029,5
3630,15
4656,6
3889,0
1989,3
3970,14
1699,12
3206,11
3312,5
1689,0
4397,15
3678,13
4493,1
4355,14
1365,8
4559,16
729,11
874,4
2438,4
1736,7
4791,2
607,14
1222,13
986,14
919,2
1306,1
264,3
637,1
3629,12
170,5
3022,9
1825,8
1390,7
3373,9
36,2
23,6
1274,5
3534,10
4191,0
2895,12
4047,14
3391,10
4678,5
564,7
2175,5
4343,0
4089,13
1960,0
1418,7
2673,12
4115,11
392,4
2397,2
59,0
878,1
4552,8
3509,15
1542,3
1877,2
3041,6
1445,1
231,15
1827,4
2764,3
1875,6
778,13
3027,12
757,1
1553,3
3777,14
1707,8
4845,8
4288,14
4687,7
2181,14
3824,5
2839,1
683,0
1360,5
2894,16
3601,16
3703,12
1292,0
3233,6
2423,0
4230,10
694,12
1376,14
1946,5
930,7
3512,7
2271,13
3599,2
3810,4
3732,5
2308,2
73,11
831,8
4504,15
2400,1
3184,14
39,8
2333,7
1294,2
4357,14
3962,7
2454,10
4537,16
1970,4
1122,10
2417,14
483,2
90,3
1865,12
992,13
2939,4
3583,1
768,10
2725,11
2817,14
975,3
2712,0
1625,14
2725,6
3770,15
4263,14
60,8
4309,11
4627,8
2368,11
4330,11
4427,1
152,15
2431,11
2093,10
1483,14
401,3
3622,6
4499,13
3556,9
1673,1
4324,5
2744,7
1706,14
1316,14
2368,4
1920,9
4434,13
2849,0
3071,4
13,5
3520,0
2148,8
1039,7
1562,10
2117,7
4815,6
2095,14
3679,15
3826,11
4005,11
3855,4
1140,7
3493,11
1877,10
2156,13
1778,6
3875,14
3956,0
4540,11
831,14
20,3
412,13
2145,2
402,10
4311,2
3867,14
850,3
929,1
59,5
1298,11
1203,14
3034,8
3813,12
1690,10
2746,16
316,0
3312,10
4029,6
3754,11
1248,13
2018,11
2477,3
1612,10
845,11
2983,12
2442,4
2871,8
2460,6
2142,12
2168,5
3748,7
4242,0
4524,10
1897,8
2881,2
1576,6
2191,7
286,0
663,14
1841,0
1017,12
3602,11
3174,6
4143,3
4556,3
1311,16
651,5
2202,4
2905,1
4654,8
4826,7
2738,10
3530,10
3888,1
3472,6
2694,13
1780,7
1004,4
1791,1
3350,0
1016,11
1130,2
1454,5
1839,3
1717,15
3449,2
812,7
3673,13
2772,1
1040,0
2777,2
3591,14
706,3
2448,5
1015,13
4619,1
3227,3
3048,9
381,16
2207,8
1026,4
3214,15
1520,3
938,2
1876,12
3150,8
2812,10
682,11
4852,6
1428,8
2870,14
3057,16
3324,11
2108,8
2738,12
4200,0
4672,7
2254,14
11,4
4761,4
2549,13
2930,15
4355,0
2872,15
54,9
3879,3
1054,6
1444,3
675,7
1233,9
1378,12
2677,14
4394,7
1609,7
1462,12
3310,9
4779,1
4500,1
664,0
1740,7
3495,11
2765,10
988,0
349,10
4435,2
4399,16
2278,9
3200,14
779,12
456,9
2607,0
1618,14
1912,12
1059,12
4210,16
1703,13
1777,10
666,0
1369,14
800,8
4478,14
1352,8
1923,10
3558,14
703,8
4756,7
4365,4
1619,14
3395,7
257,6
3310,15
2487,6
1809,7
1541,3
656,8
2587,16
2608,3
2502,11
3331,9
282,13
4206,5
3715,9
694,16
239,14
1602,6
3359,14
177,5
962,9
2628,7
549,15
2678,8
74,9
2776,3
1589,11
1141,0
2549,9
1842,14
1374,8
2863,14
2892,13
4329,8
3169,13
4855,15
4031,7
2200,11
4073,6
4746,11
1319,7
2660,7
300,13
3106,9
3572,7
2722,13
1670,7
2181,15
1437,3
1742,10
1952,11
2481,3
2311,8
3509,13
88,5
3879,14
975,13
3546,6
4524,3
2529,5
3255,13
4208,1
3389,1
387,6
1959,10
3496,10
3604,12
107,16
2737,2
3286,9
2865,12
1046,10
1916,1
421,10
3084,9
3785,7
4340,10
3733,12
4117,13
548,4
1321,12
2826,7
2915,6
527,4
1099,13
2051,14
3767,8
4692,7
677,6
3992,16
1914,7
2411,9
4086,14
186,1
3479,14
3217,3
3969,2
4400,3
3206,1
3060,3
488,16
4369,0
1069,9
4272,6
4549,5
2171,14
4466,10
454,7
3486,3
1263,2
1105,6
4039,9
3589,6
3072,6
2866,4
792,10
2342,9
2718,10
2706,15
3285,0
91,6
2551,16
4197,9
430,6
1976,16
3160,15
4197,6
2110,11
631,1
4671,14
948,2
3232,15
1159,9
3532,0
3363,11
3447,8
3166,11
2770,2
3799,12
3517,10
2614,11
3220,12
4085,6
4166,13
3643,1
451,1
957,5
2871,4
76,7
1835,11
573,0
3906,4
301,11
3955,3
3345,2
1475,6
4848,8
3957,0
3628,14
1881,9
4704,6
1034,14
505,4
4103,11
1666,4
3259,0
2219,1
1930,12
4660,10
1856,11
1870,7
3577,3
2758,12
3661,3
4154,11
4378,11
4269,13
2923,10
3279,9
4037,10
1556,5
4494,16
1146,6
2221,8
4853,7
3273,6
2301,3
1994,5
362,4
4506,9
2258,10
3361,15
2976,1
748,15
1092,12
4546,10
3679,11
2878,10
2277,5
4417,7
4368,6
397,7
2750,14
2586,12
3212,10
4484,3
4223,3
1726,3
3916,5
4814,2
2865,7
4186,6
4279,15
3176,2
3668,6
4858,0
2300,9
1085,11
125,10
1506,11
3963,0
1673,13
4038,13
30,0
95,8
1069,0
215,9
309,13
3944,16
4576,2
922,8
13,13
2715,15
3624,3
4574,6
2099,2
3102,11
2972,13
2553,6
958,12
1558,3
77,2
3979,6
3525,5
101,13
4858,9
1522,10
2662,16
3253,4
4013,12
9,1
2861,14
3507,11
737,12
3709,1
1076,7
1448,16
1661,5
3830,8
4468,9
4249,16
2627,15
753,3
2034,15
3799,16
3286,13
2219,10
863,13
2276,14
1519,6
492,4
4031,14
2387,3
188,13
4404,12
2584,10
1212,12
2276,3
3366,10
2233,11
622,8
609,6
3280,12
260,8
4226,5
2855,10
1097,6
1840,14
4824,9
2153,3
3091,14
2502,8
1334,2
2139,14
1576,16
186,14
4733,6
1987,12
4555,12
1514,2
1477,14
1703,12
3850,7
2070,10
4736,3
2386,16
4064,8
4539,6
3590,12
889,11
3646,2
4107,16
3467,3
2534,9
3744,15
3127,15
1565,11
618,5
1077,9
4361,13
148,7
40,6
1626,7
3531,3
1576,3
3300,8
3561,14
1541,10
4607,6
4506,12
3792,0
1591,4
2204,3
1755,0
3387,15
2837,1
3380,0
853,12
1180,12
3275,2
163,5
1229,14
1284,8
4779,13
166,10
4182,13
4501,4
3071,2
3296,4
0,10
1670,0
3444,11
3643,8
3143,0
3993,5
1953,14
4650,3
263,10
4198,11
3642,0
3585,4
3524,9
3368,10
1131,2
3569,2
1639,16
368,14
3574,9
2894,1
2513,13
1751,8
4438,15
1611,9
3918,6
2577,1
1797,1
1566,9
4072,5
1085,13
2259,8
925,14
3863,11
4298,5
3215,9
3933,2
3633,3
938,5
3562,14
3942,2
4230,15
771,5
127,6
3146,3
4582,10
3371,13
3047,9
1963,2
1150,4
352,12
2360,16
4258,15
3348,2
555,12
1028,11
3707,14
3748,3
944,10
2986,16
626,6
2723,6
3727,4
2065,11
4858,6
4207,1
2583,11
3361,6
3301,7
2809,0
2573,15
2148,3
2491,8
2397,11
4034,0
3065,9
4798,5
4796,1
1456,13
3059,0
2212,1
4815,8
4180,8
2703,14
3219,14
4695,1
3774,3
4812,10
419,13
4812,16
2221,2
3049,12
3398,5
3919,3
2063,12
2983,8
2759,10
3853,7
2961,12
211,8
73,4
2084,4
3175,1
874,10
3620,4
4520,12
3479,8
4806,1
1315,5
1660,10
2930,4
846,10
1543,2
1746,7
1390,16
2935,4
3838,2
2955,4
2065,7
4085,7
2385,11
1671,12
3278,14
1504,0
1239,7
2772,7
518,2
3664,4
3762,4
83,8
4641,7
1554,5
1566,10
3130,2
4185,11
2275,2
1892,8
1762,7
144,10
4361,15
1532,13
2539,5
4034,11
4706,9
4025,0
4267,2
19,14
1962,9
1853,0
106,9
2831,5
1321,6
3075,5
2175,3
4010,5
592,0
1261,3
52,3
1378,2
3411,2
3600,1
4063,0
838,9
1696,10
1929,15
1174,7
1638,3
746,14
1649,15
4184,1
3361,9
966,9
4026,4
1344,1
3373,6
2005,1
3839,5
1188,16
4825,6
2651,3
1017,6
3416,8
3534,13
4245,1
223,8
3888,11
3236,8
3892,5
1327,15
772,8
4541,4
2757,5
445,7
3268,3
189,13
2815,0
3721,5
3523,10
4666,3
3482,12
4654,4
224,14
2118,16
4461,14
910,9
1834,8
168,11
2456,15
989,0
3769,1
2292,9
4281,13
205,12
1930,5
3027,1
638,11
2288,0
2348,13
4717,3
1290,7
1416,8
2264,6
3407,13
641,10
4409,10
2336,16
1709,10
4332,12
4780,15
3760,2
829,13
2053,8
3933,5
1805,2
1175,4
3815,3
17,9
2290,14
810,1
638,4
4424,3
4361,14
4261,16
1683,13
3370,8
1974,6
2181,7
2375,4
2542,8
4274,15
797,15
4333,6
3713,8
3120,5
2051,3
2032,13
1120,10
3475,2
1836,9
2435,4
3626,6
2256,8
164,7
4222,7
2895,10
2821,11
2138,14
3842,2
1241,5
202,2
1937,6
1743,5
107,10
2810,8
3242,4
4180,12
424,10
1591,13
3340,14
3846,7
4080,10
869,13
1131,9
4345,1
2447,8
745,13
2501,2
1521,6
4150,5
2273,9
4246,13
3319,10
2554,7
4328,1
322,7
2139,10
2794,8
1843,1
3349,4
4460,0
4631,5
812,5
4553,6
2986,2
426,8
1561,13
3469,3
4024,2
3058,11
3214,2
2500,14
1469,0
4481,0
653,6
2610,6
1937,7
4351,12
2020,2
66,3
731,7
4547,1
376,4
749,15
3638,16
2634,2
2909,5
2778,9
3458,10
3596,6
1249,6
4387,13
1892,2
753,0
3113,14
3829,10
1538,10
4590,12
3005,15
916,9
4568,4
3780,8
2843,5
4035,13
1961,11
1381,5
1046,11
2173,3
4804,9
1028,9
1371,4
303,1
4366,0
3712,8
3863,4
801,1
390,7
3507,2
3679,7
2504,14
1669,4
1225,5
1948,7
3438,1
2331,0
879,14
2250,1
2511,5
3328,16
3770,6
2009,6
4476,11
2061,9
2546,3
1512,10
354,11
263,1
154,2
136,1
3589,11
279,7
1281,5
1596,6
1613,1
1622,9
1998,14
1844,8
2029,14
562,13
2288,10
3336,7
3960,7
1521,8
63,16
3591,0
4736,9
4311,6
1694,11
1503,0
797,1
3156,4
393,0
4163,7
1944,14
816,14
4432,16
2048,2
904,2
2266,9
4437,2
527,3
3121,14
2169,3
2844,5
1691,3
2889,3
3300,6
2503,10
3921,4
298,11
454,8
3680,9
2341,11
66,0
1444,0
472,3
4827,11
3953,11
1685,3
1900,4
2889,7
1904,14
3458,6
4490,11
734,3
3825,10
1181,15
354,5
1416,12
4612,7
891,12
3367,8
1332,11
999,3
2947,2
1879,14
2762,5
3589,1
235,9
3373,0
2392,7
3759,9
2557,2
601,3
874,1
3217,4
2120,2
333,8
2698,12
1665,2
814,2
2632,6
1765,7
1375,12
2194,5
1029,14
4536,2
1425,1
1182,1
3164,7
1154,13
2402,12
631,10
2435,8
1507,16
1074,0
4048,9
1125,16
2694,14
1105,14
2564,0
1802,10
2241,15
3457,5
345,1
3244,16
1934,12
43,11
4433,11
2803,10
1097,8
4007,1
1555,16
2481,12
3812,8
569,8
2093,12
2300,8
2982,12
2193,9
4198,13
2526,15
3466,4
4768,12
1860,4
2025,0
4609,5
3162,13
678,7
4455,4
4490,6
595,9
4186,16
309,5
1490,11
2499,3
3509,5
494,4
2876,11
1400,2
3142,1
3179,2
1520,6
2720,7
829,14
2602,8
1640,7
1281,12
3187,14
1495,10
2163,7
4719,6
1895,1
2448,13
3914,0
4462,5
2183,14
627,3
1703,7
2999,15
2609,8
3906,10
4304,12
2399,16
226,4
4528,3
4268,7
4267,3
2055,3
4579,14
245,6
2868,10
1906,4
3983,2
300,6
2422,13
3232,2
254,8
4001,7
4213,11
413,11
2208,8
4163,8
3110,1
2909,8
1761,11
1684,14
1593,14
499,7
2173,15
2744,5
389,9
3780,13
1388,4
2576,1
4484,7
2190,4
3485,7
1222,5
2227,9
3836,8
4401,13
4382,11
1093,5
1119,2
973,3
4516,1
3635,5
108,0
4014,3
566,2
2636,16
738,5
4315,2
431,5
143,1
1693,9
2186,6
3556,12
4837,15
2820,2
1536,13
3807,13
36,7
3246,2
2766,12
732,11
2733,10
4681,13
2009,5
324,13
1413,8
1549,2
3093,2
456,1
3468,4
1871,16
3212,6
3495,2
3388,12
1535,1
3096,2
3054,14
1604,7
2727,12
842,3
3572,12
3053,7
3040,3
4387,8
933,4
4819,3
3215,11
552,2
1617,10
2254,6
3631,4
3584,16
4238,8
3635,8
4242,2
2097,1
3304,8
444,13
9,16
3933,15
1271,12
2237,11
2075,6
959,7
1752,15
3418,15
337,10
735,15
1932,5
2314,8
2780,15
4431,13
2317,8
4103,4
4515,2
181,14
2310,11
1327,13
1553,0
4855,2
3297,5
2829,6
1330,6
3613,12
3726,13
1857,16
1944,5
4458,9
2133,5
4716,7
3853,12
834,1
4699,9
3535,8
1618,4
1060,0
1833,14
3622,10
2832,5
450,6
4485,6
2683,6
2274,3
2786,3
3396,2
186,13
2180,13
2818,2
859,2
1161,0
2286,13
3840,3
2723,14
3215,8
3029,9
1385,3
3839,3
1403,7
2244,4
222,14
4584,6
1645,11
1055,9
2111,4
4784,9
2506,12
1186,2
564,16
643,11
3493,14
3994,14
2005,10
1269,13
1062,0
3212,8
3475,9
1188,13
1079,12
1798,15
1820,9
4309,2
1185,12
2014,15
1741,13
4596,1
742,11
4064,13
3157,7
56,10
3483,15
3944,4
4514,16
2673,9
1631,14
2588,3
3538,6
3359,6
4761,13
979,0
4344,13
1159,13
578,12
3676,12
3389,9
4668,1
558,0
311,11
2652,14
4563,14
3342,16
4332,1
2685,1
3791,8
84,10
3020,16
870,6
1619,2
1511,13
4420,5
2597,10
1268,2
1694,10
4515,1
243,13
2638,6
3661,2
3307,7
587,6
2738,7
2014,11
4753,11
702,8
1199,2
1601,0
1191,8
1076,15
944,12
3180,15
174,2
1753,4
3749,9
4185,2
3116,9
1484,11
2982,8
1859,13
2585,12
4708,14
4686,3
3522,8
1492,14
1125,12
3732,11
703,0
239,8
574,14
4339,10
2394,1
2713,7
4146,8
1573,8
351,11
3587,13
1382,13
2437,6
625,15
3972,11
4290,10
2155,3
3405,15
4831,13
472,16
3151,15
473,16
1503,6
3094,9
1870,15
1426,10
1796,0
3645,8
2172,15
1838,2
2362,2
1638,4
3190,8
762,1
2544,6
4410,5
1350,0
2210,6
2785,2
4213,14
4256,16
2451,8
3127,9
4204,0
381,3
4608,2
33,15
4840,8
3843,5
4361,11
782,12
3775,14
970,3
3658,7
2416,14
4264,2
3871,9
3556,10
3661,0
1334,14
3243,1
2295,1
4175,3
4188,6
2204,1
1976,13
385,1
117,13
4220,8
4814,16
4388,0
4837,7
465,10
4216,6
1583,10
2092,12
1408,3
1898,13
4748,16
1506,2
706,2
366,12
1421,3
2765,14
1562,11
425,7
4726,11
2551,14
377,4
4374,9
955,3
3309,9
2681,16
4451,2
3240,3
331,9
1408,7
2458,4
3106,6
4126,4
937,12
911,12
1392,9
58,14
1912,9
3673,0
169,10
339,6
4295,7
4083,10
2948,0
2025,3
4623,2
4652,9
3405,7
3815,4
2325,2
396,4
3859,3
2463,6
2903,15
1066,16
1087,14
1888,12
1860,7
2983,13
585,16
3628,5
2221,11
3337,13
1888,8
2413,6
2128,3
1405,2
1042,12
503,9
114,12
1709,0
4745,7
3630,4
1773,15
4190,1
128,9
448,3
3665,1
1110,16
1008,4
497,7
3346,6
1728,14
688,2
2510,3
1851,9
1585,7
2425,15
959,11
2588,0
3395,15
237,9
4349,7
4150,8
1141,1
978,2
3679,1
2486,14
3169,6
1216,9
4106,2
2603,15
91,2
3986,16
1993,12
352,14
578,8
281,8
4032,10
1481,9
2094,12
3960,10
2465,12
715,4
3659,14
980,10
1319,16
4538,16
66,13
3505,7
2769,10
3416,10
2980,12
3274,11
3825,11
592,10
3702,5
803,0
3319,2
1634,3
196,4
309,12
3029,14
1284,1
1049,8
3054,4
1534,11
1036,12
1858,9
320,14
2359,14
349,5
2895,1
2696,12
1134,13
2989,10
3444,7
4805,3
2860,8
1321,2
3810,13
4448,6
2066,11
4463,5
333,10
1281,2
1946,7
3791,12
3827,13
4103,16
2764,10
1376,2
4374,15
2839,5
328,2
2040,15
3273,5
109,6
4110,16
1633,8
4361,10
2956,6
3495,9
3531,14
4304,9
974,15
1530,7
977,0
482,10
4583,13
3139,3
4694,9
4011,4
3286,4
2630,16
123,1
3328,0
4418,11
1670,10
2410,14
4320,15
3079,15
4713,8
1608,5
2100,12
4242,15
2902,4
1374,4
2501,1
694,2
3195,10
4577,16
2175,14
3530,7
3400,16
1159,2
2955,0
4422,12
2880,11
3622,9
4279,9
4667,2
304,5
511,2
711,8
3344,11
700,11
2955,5
4109,14
2035,9
2190,15
4305,6
1923,12
1333,13
119,2
3414,1
1095,14
1236,2
37,11
4139,1
3340,11
1768,8
1984,13
1806,10
4460,8
2246,14
2919,15
2593,6
1999,4
1111,14
814,10
2949,11
1066,2
3992,14
1955,2
1929,14
2007,6
3017,0
961,11
2606,10
1186,9
1865,14
4762,14
4245,12
532,14
1792,11
1197,15
2544,4
3412,8
4673,10
3035,14
2645,10
1585,1
2412,2
2545,11
2099,13
3808,10
1257,8
1567,6
3899,16
3600,3
538,5
1320,8
1460,2
1889,1
1917,11
489,0
3037,14
1476,12
1840,12
948,14
834,13
4849,2
1730,9
4381,13
3250,13
1032,7
1420,16
415,15
4106,0
4041,2
167,5
3251,3
4426,12
4321,8
756,6
1814,9
278,14
3685,12
1568,13
3158,10
883,3
3938,16
4367,7
3980,3
3247,16
3431,15
1648,4
3181,10
3723,1
3252,7
4711,11
2946,3
4814,5
3743,9
2177,8
337,14
1257,13
872,10
4618,12
2322,2
1307,14
4610,1
1725,14
3058,12
4656,11
2210,4
4457,13
3107,14
4530,4
3634,6
1358,5
396,9
1569,3
1019,9
2082,4
3602,1
446,4
4232,6
2138,5
998,11
2438,10
495,4
4043,7
485,8
2279,15
662,9
2883,12
2165,3
1099,14
1948,9
2419,12
1359,10
1447,5
3937,8
2075,0
2465,14
2507,6
3123,10
4425,14
2105,6
4092,16
4402,3
4737,3
2310,1
82,3
3868,15
2533,1
1511,5
2872,2
1213,3
2991,12
39,14
1779,3
213,12
3266,9
3912,9
2152,0
3926,7
1980,6
585,2
1184,15
335,6
1482,16
1020,8
1530,4
2700,0
1036,9
2042,4
4336,13
4469,12
258,7
2749,14
3347,13
2428,9
3846,2
1955,0
3338,12
3708,8
4176,9
418,6
784,10
4334,10
4404,8
1229,2
434,9
3544,14
1951,2
1604,14
1878,11
425,2
4548,3
4632,2
2962,1
3015,6
2015,4
2134,10
4108,15
2404,5
253,2
3164,15
1191,5
842,13
3891,3
148,11
4702,7
4451,13
839,11
341,10
2357,3
2170,13
2479,7
634,6
3715,6
3199,2
3460,14
4180,2
490,4
58,13
1842,9
6,6
605,3
4303,13
3588,5
4684,9
2562,2
1237,15
2490,5
4484,2
1485,8
3443,4
3542,2
3216,3
1702,10
2140,9
3053,13
4036,14
4523,3
4305,14
28,0
796,12
973,7
391,13
442,2
3262,10
745,8
836,8
2797,9
1241,2
3236,6
4564,10
1537,5
4165,7
2231,1
1307,3
1747,9
169,3
3319,15
3402,16
2485,0
1744,6
4573,9
2120,7
3771,5
2477,11
313,1
1921,7
4159,13
2875,5
2913,11
1878,5
4112,13
1000,11
1629,13
4083,12
4636,11
4621,13
1566,3
3610,9
2959,5
1319,1
4832,13
4169,6
1091,12
3104,11
4702,9
2975,6
2784,2
2061,0
3051,15
931,14
1025,1
1875,14
3648,3
1322,1
698,9
2070,16
609,12
3880,14
2515,8
3993,12
3591,2
890,8
2244,12
4576,10
41,9
3056,9
4619,13
3649,8
70,14
3409,1
1414,9
217,8
2395,7
2694,5
3836,10
605,15
1512,3
3073,6
3255,4
11,3
3845,7
1937,2
865,15
2610,11
2431,1
348,10
1387,14
2029,3
4244,1
491,9
3042,15
3077,5
129,10
3012,6
3606,8
1757,8
86,6
3070,12
1484,7
867,16
3075,1
1097,5
1656,4
2804,11
1773,11
2191,12
1054,7
819,9
4577,5
4247,1
4596,0
447,8
4821,6
1233,5
2309,9
109,7
1697,3
4081,15
3393,3
1679,10
2477,14
862,2
4675,6
4727,5
463,5
3372,3
4082,1
347,13
1527,6
589,10
459,16
1602,11
3557,6
1685,5
3549,7
3943,12
4704,10
3226,9
2621,5
3107,1
4775,13
4546,9
3141,15
475,12
13,7
4215,8
3016,13
3029,4
1736,14
317,5
585,12
1600,5
3504,4
693,7
2442,3
3103,0
2105,16
2534,14
2506,8
280,1
1779,9
1443,9
1551,6
3119,14
1009,11
1479,13
1349,4
3102,8
3999,2
1342,8
4370,11
232,10
4048,16
1265,10
3232,12
1235,2
995,3
2125,12
914,5
3680,10
4718,13
780,11
750,12
2371,3
1920,10
3708,10
200,6
2921,0
106,3
1840,2
536,10
1971,4
2240,1
584,14
1118,10
1578,1
3816,13
3233,13
4824,12
4545,0
3537,14
82,11
1445,9
484,1
4322,13
1386,10
2676,2
4669,2
3149,15
4581,6
4601,0
4245,7
4542,6
531,7
879,10
152,3
3520,6
1437,12
3131,3
1043,0
4760,11
1177,5
3840,10
2374,9
4722,11
4252,5
3190,9
2448,16
649,4
3136,10
4236,16
385,0
4507,7
450,15
2171,7
1646,5
161,4
4289,5
1718,10
711,6
2086,3
4006,15
2212,2
3328,10
3136,8
3144,11
2003,10
2940,3
2140,14
616,3
4246,12
2230,1
3546,12
218,14
3887,16
1811,7
2019,1
4080,2
1372,11
1651,6
986,2
2504,6
2169,7
2223,9
1472,1
4070,0
4271,6
4088,5
783,0
2423,9
137,13